timestamp,interval_idx,total_packets_ul,total_packets_dl,total_bytes_ul,total_bytes_dl,total_active_users,total_active_flows,total_throughput_ul_mbps,total_throughput_dl_mbps,eMBB_time_multiplier,eMBB_event_multiplier,eMBB_loss_rate_pct,eMBB_latency_ms,eMBB_jitter_ms,eMBB_total_packets_ul,eMBB_total_packets_dl,eMBB_total_bytes_ul,eMBB_total_bytes_dl,eMBB_throughput_ul_mbps,eMBB_throughput_dl_mbps,eMBB_qos_5qi,URLLC_time_multiplier,URLLC_event_multiplier,URLLC_loss_rate_pct,URLLC_latency_ms,URLLC_jitter_ms,URLLC_total_packets_ul,URLLC_total_packets_dl,URLLC_total_bytes_ul,URLLC_total_bytes_dl,URLLC_throughput_ul_mbps,URLLC_throughput_dl_mbps,URLLC_qos_5qi,mMTC_time_multiplier,mMTC_event_multiplier,mMTC_loss_rate_pct,mMTC_latency_ms,mMTC_jitter_ms,mMTC_total_packets_ul,mMTC_total_packets_dl,mMTC_total_bytes_ul,mMTC_total_bytes_dl,mMTC_throughput_ul_mbps,mMTC_throughput_dl_mbps,mMTC_qos_5qi
0.000,0,428746,511170,38298547,86451223,1000,2600,306.388,691.610,0.300,1.000,0.105,12.285,2.852,4926,41052,6187486,51562388,49.500,412.499,9,0.800,1.000,0.009,0.798,0.038,238636,238636,20999968,20999968,168.000,168.000,1,1.000,1.000,0.215,43.568,3.609,185184,231482,11111093,13888867,88.889,111.111,8
1.000,1,429925,512677,38454531,87019022,1000,2600,307.636,696.152,0.300,1.000,0.099,14.687,0.091,4971,41425,6243643,52030360,49.949,416.243,9,0.800,1.000,0.009,0.958,0.090,239770,239770,21099795,21099795,168.798,168.798,1,1.000,1.000,0.182,46.613,0.884,185184,231482,11111093,13888867,88.889,111.111,8
2.000,2,431092,514169,38608963,87581125,1000,2600,308.872,700.649,0.300,1.000,0.106,15.389,1.063,5015,41794,6299234,52493622,50.394,419.949,9,0.800,1.000,0.011,1.019,0.087,240893,240893,21198636,21198636,169.589,169.589,1,1.000,1.000,0.217,43.982,2.733,185184,231482,11111093,13888867,88.889,111.111,8
3.000,3,432235,515631,38760260,88131804,1000,2600,310.082,705.054,0.300,1.000,0.115,16.622,2.271,5058,42155,6353695,52947465,50.830,423.580,9,0.800,1.000,0.011,1.072,0.113,241993,241994,21295472,21295472,170.364,170.364,1,1.000,1.000,0.227,48.003,1.358,185184,231482,11111093,13888867,88.889,111.111,8
4.000,4,433344,517049,38906979,88665765,1000,2600,311.256,709.326,0.300,1.000,0.098,15.759,2.705,5100,42506,6406501,53387513,51.252,427.100,9,0.800,1.000,0.010,1.029,0.119,243060,243061,21389385,21389385,171.115,171.115,1,1.000,1.000,0.208,48.066,8.367,185184,231482,11111093,13888867,88.889,111.111,8
5.000,5,434408,518408,39047612,89177654,1000,2600,312.381,713.421,0.300,1.000,0.098,14.588,2.376,5140,42842,6457127,53809395,51.657,430.475,9,0.800,1.000,0.010,0.979,0.164,244084,244084,21479392,21479392,171.835,171.835,1,1.000,1.000,0.238,48.333,6.702,185184,231482,11111093,13888867,88.889,111.111,8
6.000,6,435415,519694,39180792,89662550,1000,2600,313.446,717.300,0.300,1.000,0.116,13.685,0.401,5179,43160,6505088,54209072,52.041,433.673,9,0.800,1.000,0.011,0.891,0.090,245052,245052,21564611,21564611,172.517,172.517,1,1.000,1.000,0.185,55.182,6.498,185184,231482,11111093,13888867,88.889,111.111,8
7.000,7,436354,520895,39305116,90115201,1000,2600,314.441,720.922,0.300,1.000,0.108,15.610,0.763,5214,43457,6549860,54582171,52.399,436.657,9,0.800,1.000,0.009,0.836,0.064,245956,245956,21644163,21644163,173.153,173.153,1,1.000,1.000,0.175,57.301,4.149,185184,231482,11111093,13888867,88.889,111.111,8
8.000,8,437218,522000,39419399,90531167,1000,2600,315.355,724.249,0.300,1.000,0.095,16.938,2.372,5247,43730,6590998,54924992,52.728,439.400,9,0.800,1.000,0.011,0.875,0.033,246787,246788,21717308,21717308,173.738,173.738,1,1.000,1.000,0.164,55.396,4.057,185184,231482,11111093,13888867,88.889,111.111,8
9.000,9,437997,522995,39522466,90906310,1000,2600,316.180,727.250,0.300,1.000,0.105,17.731,1.343,5277,43976,6628100,55234170,53.025,441.873,9,0.800,1.000,0.010,1.104,0.060,247536,247537,21783273,21783273,174.266,174.266,1,1.000,1.000,0.230,56.759,5.741,185184,231482,11111093,13888867,88.889,111.111,8
10.000,10,438684,523873,39613318,91236968,1000,2600,316.907,729.896,0.300,1.000,0.095,15.584,0.725,5303,44193,6660801,55506677,53.286,444.053,9,0.800,1.000,0.010,0.893,0.054,248197,248198,21841424,21841424,174.731,174.731,1,1.000,1.000,0.213,45.718,4.094,185184,231482,11111093,13888867,88.889,111.111,8
11.000,11,439272,524624,39691032,91519850,1000,2600,317.528,732.159,0.300,1.000,0.095,15.240,0.220,5325,44379,6688778,55739822,53.510,445.919,9,0.800,1.000,0.011,0.838,0.016,248763,248763,21891161,21891161,175.129,175.129,1,1.000,1.000,0.199,45.121,7.690,185184,231482,11111093,13888867,88.889,111.111,8
12.000,12,439754,525240,39754835,91752110,1000,2600,318.039,734.017,0.300,1.000,0.102,16.018,2.418,5343,44531,6711749,55931250,53.694,447.450,9,0.800,1.000,0.011,0.922,0.004,249227,249227,21931993,21931993,175.456,175.456,1,1.000,1.000,0.206,41.579,5.613,185184,231482,11111093,13888867,88.889,111.111,8
13.000,13,440125,525716,39804062,91931306,1000,2600,318.432,735.450,0.300,1.000,0.081,16.955,1.345,5357,44649,6729472,56078942,53.836,448.632,9,0.800,1.000,0.011,1.067,0.100,249584,249585,21963497,21963497,175.708,175.708,1,1.000,1.000,0.177,37.202,4.588,185184,231482,11111093,13888867,88.889,111.111,8
14.000,14,440384,526046,39838271,92055811,1000,2600,318.706,736.446,0.300,1.000,0.083,15.628,0.403,5367,44730,6741786,56181552,53.934,449.452,9,0.800,1.000,0.011,1.050,0.074,249833,249834,21985392,21985392,175.883,175.883,1,1.000,1.000,0.249,45.527,5.088,185184,231482,11111093,13888867,88.889,111.111,8
15.000,15,440527,526228,39857091,92124369,1000,2600,318.857,736.995,0.300,1.000,0.094,15.540,1.337,5373,44775,6748568,56238072,53.989,449.905,9,0.800,1.000,0.010,1.111,0.051,249970,249971,21997430,21997430,175.979,175.979,1,1.000,1.000,0.203,52.131,1.357,185184,231482,11111093,13888867,88.889,111.111,8
16.000,16,440551,526259,39860339,92136203,1000,2600,318.883,737.090,0.300,1.000,0.090,15.916,3.228,5373,44783,6749739,56247829,53.998,449.983,9,0.800,1.000,0.011,0.980,0.023,249994,249994,21999507,21999507,175.996,175.996,1,1.000,1.000,0.202,60.099,2.757,185184,231482,11111093,13888867,88.889,111.111,8
17.000,17,440458,526140,39848013,92091311,1000,2600,318.784,736.730,0.300,1.000,0.103,15.289,1.079,5370,44754,6745298,56210822,53.962,449.687,9,0.800,1.000,0.010,0.973,0.099,249904,249904,21991622,21991622,175.933,175.933,1,1.000,1.000,0.215,54.763,1.703,185184,231482,11111093,13888867,88.889,111.111,8
18.000,18,440248,525871,39820150,91989729,1000,2600,318.561,735.918,0.300,1.000,0.091,14.617,0.317,5362,44687,6735246,56127051,53.882,449.016,9,0.800,1.000,0.010,0.997,0.256,249702,249702,21973811,21973811,175.790,175.790,1,1.000,1.000,0.210,48.825,1.953,185184,231482,11111093,13888867,88.889,111.111,8
19.000,19,439921,525455,39777085,91832978,1000,2600,318.217,734.664,0.300,1.000,0.086,15.484,1.481,5349,44584,6719743,55997862,53.758,447.983,9,0.800,1.000,0.010,1.177,0.019,249388,249389,21946249,21946249,175.570,175.570,1,1.000,1.000,0.204,61.518,6.632,185184,231482,11111093,13888867,88.889,111.111,8
20.000,20,439485,524896,39719299,91622723,1000,2600,317.754,732.982,0.300,1.000,0.115,15.955,0.197,5333,44446,6698952,55824602,53.592,446.597,9,0.800,1.000,0.010,0.956,0.241,248968,248968,21909254,21909254,175.274,175.274,1,1.000,1.000,0.184,62.199,5.237,185184,231482,11111093,13888867,88.889,111.111,8
21.000,21,438940,524201,39647303,91360659,1000,2600,317.178,730.885,0.300,1.000,0.098,14.251,0.115,5312,44274,6673033,55608615,53.384,444.869,9,0.800,1.000,0.011,1.015,0.078,248444,248445,21863177,21863177,174.905,174.905,1,1.000,1.000,0.209,55.482,5.848,185184,231482,11111093,13888867,88.889,111.111,8
22.000,22,438295,523375,39561764,91049228,1000,2600,316.494,728.394,0.300,1.000,0.101,14.469,0.337,5288,44070,6642230,55351920,53.138,442.815,9,0.800,1.000,0.009,1.105,0.002,247823,247823,21808441,21808441,174.468,174.468,1,1.000,1.000,0.238,47.886,1.147,185184,231482,11111093,13888867,88.889,111.111,8
23.000,23,437553,522427,39463682,90692392,1000,2600,315.709,725.539,0.300,1.000,0.086,14.691,0.975,5260,43836,6606945,55057881,52.856,440.463,9,0.800,1.000,0.012,1.068,0.026,247109,247109,21745644,21745644,173.965,173.965,1,1.000,1.000,0.227,43.046,0.217,185184,231482,11111093,13888867,88.889,111.111,8
24.000,24,436723,521367,39353935,90292804,1000,2600,314.831,722.342,0.300,1.000,0.095,15.545,0.253,5228,43573,6567422,54728517,52.539,437.828,9,0.800,1.000,0.009,0.989,0.002,246311,246312,21675420,21675420,173.403,173.403,1,1.000,1.000,0.232,48.025,7.656,185184,231482,11111093,13888867,88.889,111.111,8
25.000,25,435814,520204,39233634,89854835,1000,2600,313.869,718.839,0.300,1.000,0.101,13.427,0.663,5194,43286,6524103,54367530,52.193,434.940,9,0.800,1.000,0.009,0.979,0.055,245436,245436,21598438,21598438,172.788,172.788,1,1.000,1.000,0.190,59.557,2.571,185184,231482,11111093,13888867,88.889,111.111,8
26.000,26,434834,518951,39103963,89382921,1000,2600,312.832,715.063,0.300,1.000,0.088,13.871,1.636,5157,42976,6477434,53978618,51.819,431.829,9,0.800,1.000,0.011,0.994,0.118,244493,244493,21515436,21515436,172.123,172.123,1,1.000,1.000,0.180,66.572,2.860,185184,231482,11111093,13888867,88.889,111.111,8
27.000,27,433793,517621,38966281,88881682,1000,2600,311.730,711.053,0.300,1.000,0.104,15.855,2.116,5117,42647,6427857,53565484,51.423,428.524,9,0.800,1.000,0.011,1.023,0.111,243492,243492,21427331,21427331,171.419,171.419,1,1.000,1.000,0.197,62.051,0.311,185184,231482,11111093,13888867,88.889,111.111,8
28.000,28,432702,516227,38821924,88356298,1000,2600,310.575,706.850,0.300,1.000,0.094,17.003,0.148,5076,42303,6375900,53132500,51.007,425.060,9,0.800,1.000,0.011,1.198,0.072,242442,242442,21334931,21334931,170.679,170.679,1,1.000,1.000,0.201,47.914,5.622,185184,231482,11111093,13888867,88.889,111.111,8
29.000,29,431571,514781,38672324,87811759,1000,2600,309.379,702.494,0.300,1.000,0.097,15.325,0.028,5033,41945,6322044,52683705,50.576,421.470,9,0.800,1.000,0.011,1.282,0.072,241354,241354,21239187,21239187,169.913,169.913,1,1.000,1.000,0.222,42.586,1.670,185184,231482,11111093,13888867,88.889,111.111,8
30.000,30,430412,513301,38519033,87253758,1000,2600,308.152,698.030,0.300,1.000,0.094,15.060,1.062,4989,41579,6266856,52223807,50.135,417.790,9,0.800,1.000,0.010,0.967,0.044,240239,240240,21141084,21141084,169.129,169.129,1,1.000,1.000,0.166,45.069,2.823,185184,231482,11111093,13888867,88.889,111.111,8
31.000,31,429236,511798,38363493,86687586,1000,2600,306.908,693.501,0.300,1.000,0.119,16.456,0.350,4944,41208,6210861,51757180,49.687,414.057,9,0.800,1.000,0.009,0.810,0.002,239108,239108,21041539,21041539,168.332,168.332,1,1.000,1.000,0.231,40.317,5.098,185184,231482,11111093,13888867,88.889,111.111,8
32.000,32,428055,510289,38207288,86118973,1000,2600,305.658,688.952,0.300,1.000,0.100,13.135,1.430,4899,40835,6154624,51288535,49.237,410.308,9,0.800,1.000,0.010,1.038,0.067,237972,237972,20941571,20941571,167.533,167.533,1,1.000,1.000,0.197,48.107,0.118,185184,231482,11111093,13888867,88.889,111.111,8
33.000,33,426882,508789,38052044,85553986,1000,2600,304.416,684.432,0.300,1.000,0.089,11.958,0.431,4855,40464,6098750,50822918,48.790,406.583,9,0.800,1.000,0.009,1.274,0.059,236843,236843,20842201,20842201,166.738,166.738,1,1.000,1.000,0.191,48.829,0.872,185184,231482,11111093,13888867,88.889,111.111,8
34.000,34,425727,507313,37899232,84997649,1000,2600,303.194,679.981,0.300,1.000,0.108,14.448,0.919,4811,40099,6043723,50364366,48.350,402.915,9,0.800,1.000,0.011,1.072,0.035,235732,235732,20744416,20744416,165.955,165.955,1,1.000,1.000,0.180,43.719,1.127,185184,231482,11111093,13888867,88.889,111.111,8
35.000,35,424602,505874,37750408,84455956,1000,2600,302.003,675.648,0.300,1.000,0.088,14.165,0.542,4769,39743,5990151,49917925,47.921,399.343,9,0.800,1.000,0.010,1.232,0.057,234649,234649,20649164,20649164,165.193,165.193,1,1.000,1.000,0.167,40.527,1.848,185184,231482,11111093,13888867,88.889,111.111,8
36.000,36,423519,504490,37607082,83934270,1000,2600,300.857,671.474,0.300,1.000,0.102,13.857,1.716,4728,39401,5938556,49487970,47.508,395.904,9,0.800,1.000,0.009,1.245,0.010,233607,233607,20557433,20557433,164.459,164.459,1,1.000,1.000,0.216,48.827,0.657,185184,231482,11111093,13888867,88.889,111.111,8
37.000,37,422487,503172,37470619,83437505,1000,2600,299.765,667.500,0.300,1.000,0.080,15.539,0.163,4689,39075,5889424,49078536,47.115,392.628,9,0.800,1.000,0.010,1.023,0.155,232614,232615,20470102,20470102,163.761,163.761,1,1.000,1.000,0.201,45.491,4.130,185184,231482,11111093,13888867,88.889,111.111,8
38.000,38,421518,501934,37342498,82971288,1000,2600,298.740,663.770,0.300,1.000,0.087,15.350,0.050,4652,38769,5843319,48694335,46.747,389.555,9,0.800,1.000,0.010,1.111,0.124,231682,231683,20388086,20388086,163.105,163.105,1,1.000,1.000,0.174,36.171,2.184,185184,231482,11111093,13888867,88.889,111.111,8
39.000,39,420622,500788,37223895,82539455,1000,2600,297.791,660.316,0.300,1.000,0.102,13.909,0.312,4618,38486,5800607,48338393,46.405,386.707,9,0.800,1.000,0.009,1.203,0.147,230820,230820,20312195,20312195,162.498,162.498,1,1.000,1.000,0.174,30.372,8.033,185184,231482,11111093,13888867,88.889,111.111,8
40.000,40,419807,499746,37116030,82146784,1000,2600,296.928,657.174,0.300,1.000,0.107,13.587,0.193,4587,38228,5761769,48014749,46.094,384.118,9,0.800,1.000,0.009,1.011,0.016,230036,230036,20243168,20243168,161.945,161.945,1,1.000,1.000,0.193,47.635,8.748,185184,231482,11111093,13888867,88.889,111.111,8
41.000,41,419079,498817,37019937,81796970,1000,2600,296.159,654.376,0.300,1.000,0.102,15.795,2.823,4559,37998,5727171,47726430,45.817,381.811,9,0.800,1.000,0.010,0.937,0.005,229336,229337,20181673,20181673,161.453,161.453,1,1.000,1.000,0.233,63.901,6.907,185184,231482,11111093,13888867,88.889,111.111,8
42.000,42,418450,498014,36936688,81494047,1000,2600,295.494,651.952,0.300,1.000,0.099,16.090,0.823,4535,37800,5697215,47476800,45.578,379.814,9,0.800,1.000,0.010,0.881,0.017,228731,228732,20128380,20128380,161.027,161.027,1,1.000,1.000,0.195,62.598,6.461,185184,231482,11111093,13888867,88.889,111.111,8
43.000,43,417923,497339,36867020,81240526,1000,2600,294.936,649.924,0.300,1.000,0.097,15.880,0.139,4515,37633,5672145,47267877,45.377,378.143,9,0.800,1.000,0.009,0.829,0.024,228224,228224,20083782,20083782,160.670,160.670,1,1.000,1.000,0.170,49.376,3.449,185184,231482,11111093,13888867,88.889,111.111,8
44.000,44,417505,496805,36811630,81038885,1000,2600,294.493,648.311,0.300,1.000,0.085,16.748,0.240,4500,37501,5652201,47101682,45.218,376.813,9,0.800,1.000,0.010,0.833,0.022,227821,227822,20048336,20048336,160.387,160.387,1,1.000,1.000,0.195,46.410,2.515,185184,231482,11111093,13888867,88.889,111.111,8
45.000,45,417199,496414,36771148,80891526,1000,2600,294.169,647.132,0.300,1.000,0.093,13.844,1.542,4488,37404,5637627,46980231,45.101,375.842,9,0.800,1.000,0.010,0.829,0.149,227527,227528,20022428,20022428,160.179,160.179,1,1.000,1.000,0.195,49.611,1.317,185184,231482,11111093,13888867,88.889,111.111,8
46.000,46,417009,496170,36745868,80799337,1000,2600,293.967,646.395,0.300,1.000,0.095,12.465,1.899,4481,37344,5628503,46904198,45.028,375.234,9,0.800,1.000,0.009,0.924,0.160,227344,227344,20006272,20006272,160.050,160.050,1,1.000,1.000,0.146,45.551,1.471,185184,231482,11111093,13888867,88.889,111.111,8
47.000,47,416934,496076,36736165,80764173,1000,2600,293.889,646.113,0.300,1.000,0.111,13.541,1.299,4478,37321,5625031,46875265,45.000,375.002,9,0.800,1.000,0.009,0.918,0.083,227272,227273,20000041,20000041,160.000,160.000,1,1.000,1.000,0.199,51.346,1.172,185184,231482,11111093,13888867,88.889,111.111,8
48.000,48,416978,496133,36741996,80785399,1000,2600,293.936,646.283,0.300,1.000,0.103,14.766,1.454,4479,37335,5627131,46892760,45.017,375.142,9,0.800,1.000,0.009,0.935,0.010,227315,227316,20003772,20003772,160.030,160.030,1,1.000,1.000,0.195,57.654,3.919,185184,231482,11111093,13888867,88.889,111.111,8
49.000,49,417141,496340,36763435,80863384,1000,2600,294.107,646.907,0.300,1.000,0.082,15.177,0.641,4486,37386,5634842,46957017,45.079,375.656,9,0.800,1.000,0.010,0.836,0.164,227471,227472,20017500,20017500,160.140,160.140,1,1.000,1.000,0.214,58.693,3.453,185184,231482,11111093,13888867,88.889,111.111,8
50.000,50,417418,496695,36800190,80997247,1000,2600,294.402,647.978,0.300,1.000,0.103,14.949,0.969,4496,37474,5648083,47067366,45.185,376.539,9,0.800,1.000,0.010,1.011,0.018,227738,227739,20041014,20041014,160.328,160.328,1,1.000,1.000,0.237,51.446,4.581,185184,231482,11111093,13888867,88.889,111.111,8
51.000,51,417810,497194,36851924,81185464,1000,2600,294.815,649.484,0.300,1.000,0.096,14.825,2.663,4511,37597,5666694,47222460,45.334,377.780,9,0.800,1.000,0.011,1.034,0.166,228115,228115,20074137,20074137,160.593,160.593,1,1.000,1.000,0.223,46.822,4.159,185184,231482,11111093,13888867,88.889,111.111,8
52.000,52,418310,497833,36918090,81426302,1000,2600,295.345,651.410,0.300,1.000,0.093,14.216,1.790,4530,37755,5690514,47420952,45.524,379.368,9,0.800,1.000,0.011,0.809,0.002,228596,228596,20116483,20116483,160.932,160.932,1,1.000,1.000,0.195,42.671,0.336,185184,231482,11111093,13888867,88.889,111.111,8
53.000,53,418915,498607,36998131,81717728,1000,2600,295.985,653.742,0.300,1.000,0.106,16.199,1.379,4553,37947,5719339,47661162,45.755,381.289,9,0.800,1.000,0.010,1.014,0.023,229178,229178,20167699,20167699,161.342,161.342,1,1.000,1.000,0.178,42.830,3.579,185184,231482,11111093,13888867,88.889,111.111,8
54.000,54,419618,499505,37091087,82056116,1000,2600,296.729,656.449,0.300,1.000,0.110,15.926,1.501,4580,38169,5752807,47940062,46.022,383.520,9,0.800,1.000,0.010,1.114,0.126,229854,229854,20227187,20227187,161.817,161.817,1,1.000,1.000,0.251,47.722,3.410,185184,231482,11111093,13888867,88.889,111.111,8
55.000,55,420412,500519,37196106,82438245,1000,2600,297.569,659.506,0.300,1.000,0.109,16.445,1.006,4610,38419,5790594,48254959,46.325,386.040,9,0.800,1.000,0.009,0.971,0.062,230618,230618,20294419,20294419,162.355,162.355,1,1.000,1.000,0.201,53.578,7.436,185184,231482,11111093,13888867,88.889,111.111,8
56.000,56,421289,501641,37312163,82860720,1000,2600,298.497,662.886,0.300,1.000,0.092,16.041,2.089,4643,38697,5832379,48603162,46.659,388.825,9,0.800,1.000,0.010,1.169,0.038,231462,231462,20368691,20368691,162.950,162.950,1,1.000,1.000,0.200,54.610,2.900,185184,231482,11111093,13888867,88.889,111.111,8
57.000,57,422240,502857,37438073,83319103,1000,2600,299.505,666.553,0.300,1.000,0.097,15.913,0.375,4679,38997,5877716,48980972,47.022,391.848,9,0.800,1.000,0.010,1.089,0.032,232377,232378,20449264,20449264,163.594,163.594,1,1.000,1.000,0.200,49.993,1.197,185184,231482,11111093,13888867,88.889,111.111,8
58.000,58,423258,504156,37572578,83808580,1000,2600,300.581,670.469,0.300,1.000,0.103,16.046,0.433,4718,39318,5926122,49384350,47.409,395.075,9,0.800,1.000,0.010,0.930,0.128,233356,233356,20535363,20535363,164.283,164.283,1,1.000,1.000,0.204,56.808,2.498,185184,231482,11111093,13888867,88.889,111.111,8
59.000,59,424329,505526,37714317,84324535,1000,2600,301.715,674.596,0.300,1.000,0.110,16.022,0.390,4758,39657,5977151,49809595,47.817,398.477,9,0.800,1.000,0.009,0.987,0.056,234387,234387,20626073,20626073,165.009,165.009,1,1.000,1.000,0.197,51.316,2.360,185184,231482,11111093,13888867,88.889,111.111,8
60.000,60,425444,506952,37861923,84861752,1000,2600,302.895,678.894,0.300,1.000,0.095,16.482,0.201,4800,40010,6030280,50252335,48.242,402.019,9,0.800,1.000,0.011,1.068,0.111,235460,235460,20720550,20720550,165.764,165.764,1,1.000,1.000,0.189,47.835,0.380,185184,231482,11111093,13888867,88.889,111.111,8
61.000,61,426593,508420,38013888,85415171,1000,2600,304.111,683.321,0.300,1.000,0.098,16.931,1.216,4844,40373,6085023,50708532,48.680,405.668,9,0.800,1.000,0.012,1.053,0.025,236565,236565,20817772,20817772,166.542,166.542,1,1.000,1.000,0.189,40.626,3.713,185184,231482,11111093,13888867,88.889,111.111,8
62.000,62,427764,509916,38168689,85978531,1000,2600,305.350,687.828,0.300,1.000,0.089,16.051,1.190,4889,40742,6140736,51172804,49.126,409.382,9,0.800,1.000,0.010,1.031,0.050,237691,237692,20916860,20916860,167.335,167.335,1,1.000,1.000,0.199,35.728,2.411,185184,231482,11111093,13888867,88.889,111.111,8
63.000,63,428943,511424,38324784,86546737,1000,2600,306.598,692.374,0.300,1.000,0.088,15.894,2.623,4933,41115,6196933,51641112,49.575,413.129,9,0.800,1.000,0.010,0.918,0.114,238826,238827,21016758,21016758,168.134,168.134,1,1.000,1.000,0.189,51.929,6.188,185184,231482,11111093,13888867,88.889,111.111,8
64.000,64,430122,512929,38480617,87113794,1000,2600,307.845,696.910,0.300,1.000,0.108,15.752,1.957,4978,41487,6253009,52108412,50.024,416.867,9,0.800,1.000,0.011,0.927,0.158,239960,239960,21116515,21116515,168.932,168.932,1,1.000,1.000,0.186,55.626,4.346,185184,231482,11111093,13888867,88.889,111.111,8
65.000,65,431286,514417,38634647,87674607,1000,2600,309.077,701.397,0.300,1.000,0.114,16.422,2.494,5022,41855,6308479,52570665,50.468,420.565,9,0.800,1.000,0.010,0.833,0.102,241080,241080,21215075,21215075,169.721,169.721,1,1.000,1.000,0.202,49.920,4.436,185184,231482,11111093,13888867,88.889,111.111,8
66.000,66,432425,515873,38785279,88222843,1000,2600,310.282,705.783,0.300,1.000,0.099,15.485,1.549,5065,42215,6362698,53022488,50.902,424.180,9,0.800,1.000,0.010,0.894,0.081,242176,242176,21311488,21311488,170.492,170.492,1,1.000,1.000,0.195,50.871,3.816,185184,231482,11111093,13888867,88.889,111.111,8
67.000,67,433527,517281,38931077,88753515,1000,2600,311.449,710.028,0.300,1.000,0.110,16.875,1.690,5107,42563,6415181,53459845,51.321,427.679,9,0.800,1.000,0.010,0.858,0.126,243236,243236,21404803,21404803,171.238,171.238,1,1.000,1.000,0.230,50.105,0.190,185184,231482,11111093,13888867,88.889,111.111,8
68.000,68,434581,518630,39070566,89261299,1000,2600,312.565,714.090,0.300,1.000,0.104,15.100,1.636,5147,42897,6465403,53878362,51.723,431.027,9,0.800,1.000,0.010,0.925,0.023,244250,244251,21494070,21494070,171.953,171.953,1,1.000,1.000,0.147,40.598,3.417,185184,231482,11111093,13888867,88.889,111.111,8
69.000,69,435577,519901,39202306,89740907,1000,2600,313.618,717.927,0.300,1.000,0.094,13.318,0.616,5185,43211,6512839,54273666,52.103,434.189,9,0.800,1.000,0.009,1.163,0.047,245208,245208,21578374,21578374,172.627,172.627,1,1.000,1.000,0.222,45.289,1.047,185184,231482,11111093,13888867,88.889,111.111,8
70.000,70,436505,521087,39325039,90187526,1000,2600,314.600,721.500,0.300,1.000,0.104,14.309,1.659,5220,43504,6557006,54641719,52.456,437.134,9,0.800,1.000,0.010,1.205,0.099,246101,246101,21656940,21656940,173.256,173.256,1,1.000,1.000,0.225,51.199,5.365,185184,231482,11111093,13888867,88.889,111.111,8
71.000,71,437355,522175,39437515,90596948,1000,2600,315.500,724.776,0.300,1.000,0.115,14.570,0.322,5252,43773,6597498,54979157,52.780,439.833,9,0.800,1.000,0.010,1.073,0.008,246919,246920,21728924,21728924,173.831,173.831,1,1.000,1.000,0.159,44.650,11.819,185184,231482,11111093,13888867,88.889,111.111,8
72.000,72,438119,523152,39538628,90965104,1000,2600,316.309,727.721,0.300,1.000,0.100,15.475,0.462,5281,44015,6633913,55282615,53.071,442.261,9,0.800,1.000,0.011,0.881,0.032,247654,247655,21793622,21793622,174.349,174.349,1,1.000,1.000,0.193,46.540,3.930,185184,231482,11111093,13888867,88.889,111.111,8
73.000,73,438791,524008,39627340,91287997,1000,2600,317.019,730.304,0.300,1.000,0.116,14.375,1.169,5307,44226,6665847,55548730,53.327,444.390,9,0.800,1.000,0.011,0.967,0.015,248300,248300,21850400,21850400,174.803,174.803,1,1.000,1.000,0.193,43.380,6.905,185184,231482,11111093,13888867,88.889,111.111,8
74.000,74,439360,524736,39702729,91562336,1000,2600,317.622,732.499,0.300,1.000,0.074,13.448,1.965,5328,44406,6692977,55774810,53.544,446.198,9,0.800,1.000,0.012,1.139,0.084,248848,248848,21898659,21898659,175.189,175.189,1,1.000,1.000,0.172,50.014,1.519,185184,231482,11111093,13888867,88.889,111.111,8
75.000,75,439824,525330,39764135,91785982,1000,2600,318.113,734.288,0.300,1.000,0.108,12.373,2.094,5346,44553,6715100,55959173,53.721,447.673,9,0.800,1.000,0.009,1.158,0.209,249294,249295,21937942,21937942,175.504,175.504,1,1.000,1.000,0.184,47.489,3.608,185184,231482,11111093,13888867,88.889,111.111,8
76.000,76,440177,525782,39810890,91956193,1000,2600,318.487,735.650,0.300,1.000,0.101,12.732,0.843,5359,44665,6731935,56099464,53.855,448.796,9,0.800,1.000,0.011,1.300,0.161,249634,249635,21967862,21967862,175.743,175.743,1,1.000,1.000,0.178,42.567,1.154,185184,231482,11111093,13888867,88.889,111.111,8
77.000,77,440416,526086,39842515,92071306,1000,2600,318.740,736.570,0.300,1.000,0.097,11.277,0.314,5368,44740,6743320,56194337,53.947,449.555,9,0.800,1.000,0.010,1.148,0.018,249864,249864,21988102,21988102,175.905,175.905,1,1.000,1.000,0.235,52.289,7.266,185184,231482,11111093,13888867,88.889,111.111,8
78.000,78,440539,526244,39858712,92130135,1000,2600,318.870,737.041,0.300,1.000,0.101,12.434,2.525,5373,44779,6749133,56242782,53.993,449.942,9,0.800,1.000,0.012,1.026,0.202,249982,249983,21998486,21998486,175.988,175.988,1,1.000,1.000,0.219,46.301,6.693,185184,231482,11111093,13888867,88.889,111.111,8
79.000,79,440544,526251,39859377,92132576,1000,2600,318.875,737.061,0.300,1.000,0.080,15.593,1.209,5373,44781,6749376,56244801,53.995,449.958,9,0.800,1.000,0.009,0.976,0.001,249987,249988,21998908,21998908,175.991,175.991,1,1.000,1.000,0.225,44.070,3.465,185184,231482,11111093,13888867,88.889,111.111,8
80.000,80,440431,526105,39844358,92077886,1000,2600,318.755,736.623,0.300,1.000,0.098,16.417,1.447,5369,44745,6743966,56199720,53.952,449.598,9,0.800,1.000,0.009,0.998,0.019,249878,249878,21989299,21989299,175.914,175.914,1,1.000,1.000,0.214,51.880,3.029,185184,231482,11111093,13888867,88.889,111.111,8
81.000,81,440200,525811,39813951,91967247,1000,2600,318.512,735.738,0.300,1.000,0.104,15.438,2.423,5360,44672,6733025,56108547,53.864,448.868,9,0.800,1.000,0.009,1.015,0.036,249656,249657,21969833,21969833,175.759,175.759,1,1.000,1.000,0.177,55.261,8.597,185184,231482,11111093,13888867,88.889,111.111,8
82.000,82,439856,525371,39768415,91801512,1000,2600,318.147,734.412,0.300,1.000,0.115,13.991,1.852,5347,44563,6716634,55971957,53.733,447.776,9,0.800,1.000,0.008,1.117,0.018,249325,249326,21940688,21940688,175.526,175.526,1,1.000,1.000,0.190,46.326,9.963,185184,231482,11111093,13888867,88.889,111.111,8
83.000,83,439401,524790,39708156,91582270,1000,2600,317.665,732.658,0.300,1.000,0.095,14.555,0.889,5330,44420,6694955,55791295,53.560,446.330,9,0.800,1.000,0.009,1.112,0.137,248887,248888,21902108,21902108,175.217,175.217,1,1.000,1.000,0.210,49.196,3.833,185184,231482,11111093,13888867,88.889,111.111,8
84.000,84,438839,524071,39633835,91311663,1000,2600,317.071,730.493,0.300,1.000,0.092,14.513,0.040,5308,44242,6668189,55568243,53.346,444.546,9,0.800,1.000,0.009,0.891,0.221,248347,248347,21854553,21854553,174.836,174.836,1,1.000,1.000,0.176,54.082,2.748,185184,231482,11111093,13888867,88.889,111.111,8
85.000,85,438176,523223,39546155,90992467,1000,2600,316.369,727.940,0.300,1.000,0.095,14.210,0.420,5283,44032,6636618,55305156,53.093,442.441,9,0.800,1.000,0.010,0.735,0.153,247709,247709,21798444,21798444,174.388,174.388,1,1.000,1.000,0.214,55.369,4.298,185184,231482,11111093,13888867,88.889,111.111,8
86.000,86,437419,522256,39446005,90627937,1000,2600,315.568,725.023,0.300,1.000,0.109,16.692,1.214,5255,43793,6600567,55004725,52.805,440.038,9,0.800,1.000,0.010,0.747,0.142,246980,246981,21734345,21734345,173.875,173.875,1,1.000,1.000,0.195,51.711,1.936,185184,231482,11111093,13888867,88.889,111.111,8
87.000,87,436576,521178,39334414,90221770,1000,2600,314.675,721.774,0.300,1.000,0.103,16.566,0.636,5223,43527,6560397,54669979,52.483,437.360,9,0.800,1.000,0.012,0.943,0.027,246169,246169,21662924,21662924,173.303,173.303,1,1.000,1.000,0.193,46.496,0.227,185184,231482,11111093,13888867,88.889,111.111,8
88.000,88,435654,519999,39212417,89777663,1000,2600,313.699,718.221,0.300,1.000,0.095,15.097,0.711,5188,43235,6516473,54303945,52.132,434.432,9,0.800,1.000,0.011,0.802,0.043,245282,245282,21584851,21584851,172.679,172.679,1,1.000,1.000,0.214,44.473,0.127,185184,231482,11111093,13888867,88.889,111.111,8
89.000,89,434662,518733,39081340,89300496,1000,2600,312.651,714.404,0.300,1.000,0.105,15.027,0.022,5150,42922,6469278,53910660,51.754,431.285,9,0.800,1.000,0.009,0.713,0.059,244328,244329,21500969,21500969,172.008,172.008,1,1.000,1.000,0.209,46.717,9.598,185184,231482,11111093,13888867,88.889,111.111,8
90.000,90,433612,517392,38942446,88795082,1000,2600,311.540,710.361,0.300,1.000,0.101,14.444,0.819,5110,42591,6419299,53494161,51.354,427.953,9,0.800,1.000,0.009,1.060,0.160,243318,243319,21412054,21412054,171.296,171.296,1,1.000,1.000,0.193,37.897,0.069,185184,231482,11111093,13888867,88.889,111.111,8
91.000,91,432514,515987,38797126,88266073,1000,2600,310.377,706.129,0.300,1.000,0.110,12.534,0.010,5069,42243,6366977,53058150,50.936,424.465,9,0.800,1.000,0.010,1.314,0.046,242261,242262,21319056,21319056,170.552,170.552,1,1.000,1.000,0.223,31.201,3.449,185184,231482,11111093,13888867,88.889,111.111,8
92.000,92,431377,514534,38646786,87718720,1000,2600,309.174,701.750,0.300,1.000,0.093,13.614,0.655,5025,41884,6312839,52606999,50.503,420.856,9,0.800,1.000,0.009,1.133,0.202,241168,241168,21222854,21222854,169.783,169.783,1,1.000,1.000,0.178,48.585,2.466,185184,231482,11111093,13888867,88.889,111.111,8
93.000,93,430214,513049,38492983,87159022,1000,2600,307.944,697.272,0.300,1.000,0.097,13.682,0.164,4981,41517,6257490,52145755,50.060,417.166,9,0.800,1.000,0.012,1.104,0.136,240049,240050,21124400,21124400,168.995,168.995,1,1.000,1.000,0.212,51.571,7.218,185184,231482,11111093,13888867,88.889,111.111,8
94.000,94,429037,511544,38337220,86592036,1000,2600,306.698,692.736,0.300,1.000,0.096,13.413,0.133,4937,41145,6201414,51678456,49.611,413.428,9,0.800,1.000,0.011,1.039,0.019,238916,238917,21024713,21024713,168.198,168.198,1,1.000,1.000,0.212,35.611,6.283,185184,231482,11111093,13888867,88.889,111.111,8
95.000,95,427857,510036,38181126,86023830,1000,2600,305.449,688.191,0.300,1.000,0.085,14.981,0.555,4892,40772,6145217,51210147,49.162,409.681,9,0.800,1.000,0.010,1.028,0.066,237781,237782,20924816,20924816,167.399,167.399,1,1.000,1.000,0.194,40.454,4.066,185184,231482,11111093,13888867,88.889,111.111,8
96.000,96,426686,508539,38026139,85459692,1000,2600,304.209,683.678,0.300,1.000,0.103,17.301,0.388,4848,40402,6089424,50745203,48.715,405.962,9,0.800,1.000,0.008,1.095,0.043,236654,236655,20825622,20825622,166.605,166.605,1,1.000,1.000,0.207,55.810,1.395,185184,231482,11111093,13888867,88.889,111.111,8
97.000,97,425535,507068,37873880,84905388,1000,2600,302.991,679.243,0.300,1.000,0.103,16.260,2.398,4804,40038,6034599,50288333,48.277,402.307,9,0.800,1.000,0.011,1.013,0.002,235547,235548,20728188,20728188,165.826,165.826,1,1.000,1.000,0.175,63.625,1.399,185184,231482,11111093,13888867,88.889,111.111,8
98.000,98,424416,505638,37725867,84366579,1000,2600,301.807,674.933,0.300,1.000,0.100,14.800,0.841,4761,39685,5981309,49844247,47.850,398.754,9,0.800,1.000,0.010,1.033,0.064,234471,234471,20633465,20633465,165.068,165.068,1,1.000,1.000,0.218,52.784,3.952,185184,231482,11111093,13888867,88.889,111.111,8
99.000,99,423341,504263,37583614,83848926,1000,2600,300.669,670.791,0.300,1.000,0.098,16.018,0.443,4721,39345,5930118,49417656,47.441,395.341,9,0.800,1.000,0.011,1.023,0.049,233436,233436,20542403,20542403,164.339,164.339,1,1.000,1.000,0.196,45.308,1.700,185184,231482,11111093,13888867,88.889,111.111,8
100.000,100,422319,502957,37448480,83357043,1000,2600,299.588,666.856,0.300,1.000,0.086,17.278,1.045,4682,39022,5881471,49012260,47.052,392.098,9,0.800,1.000,0.008,0.972,0.180,232453,232453,20455916,20455916,163.647,163.647,1,1.000,1.000,0.190,50.196,2.853,185184,231482,11111093,13888867,88.889,111.111,8
101.000,101,421362,501734,37321830,82895848,1000,2600,298.575,663.167,0.300,1.000,0.096,16.693,0.501,4646,38720,5835851,48632095,46.687,389.057,9,0.800,1.000,0.009,1.085,0.019,231532,231532,20374886,20374886,162.999,162.999,1,1.000,1.000,0.221,56.592,4.841,185184,231482,11111093,13888867,88.889,111.111,8
102.000,102,420478,500605,37204963,82470490,1000,2600,297.640,659.764,0.300,1.000,0.097,15.183,1.760,4612,38440,5793784,48281537,46.350,386.252,9,0.800,1.000,0.010,0.988,0.072,230682,230683,20300086,20300086,162.401,162.401,1,1.000,1.000,0.186,47.276,1.657,185184,231482,11111093,13888867,88.889,111.111,8
103.000,103,419678,499581,37098982,82084735,1000,2600,296.792,656.678,0.300,1.000,0.092,14.527,0.554,4582,38187,5755633,47963612,46.045,383.709,9,0.800,1.000,0.010,0.924,0.129,229912,229912,20232256,20232256,161.858,161.858,1,1.000,1.000,0.172,42.947,3.061,185184,231482,11111093,13888867,88.889,111.111,8
104.000,104,418967,498673,37005028,81742686,1000,2600,296.040,653.941,0.300,1.000,0.098,15.736,0.161,4555,37963,5721801,47681685,45.774,381.453,9,0.800,1.000,0.010,0.998,0.096,229228,229228,20172134,20172134,161.377,161.377,1,1.000,1.000,0.169,43.598,5.426,185184,231482,11111093,13888867,88.889,111.111,8
105.000,105,418355,497891,36923995,81447899,1000,2600,295.392,651.583,0.300,1.000,0.104,16.110,0.672,4532,37770,5692653,47438783,45.541,379.510,9,0.800,1.000,0.011,0.915,0.047,228639,228639,20120249,20120249,160.962,160.962,1,1.000,1.000,0.212,43.560,4.127,185184,231482,11111093,13888867,88.889,111.111,8
106.000,106,417845,497239,36856647,81202621,1000,2600,294.853,649.621,0.300,1.000,0.119,16.486,2.356,4512,37608,5668390,47236590,45.347,377.893,9,0.800,1.000,0.009,0.967,0.148,228149,228149,20077164,20077164,160.617,160.617,1,1.000,1.000,0.174,52.079,14.745,185184,231482,11111093,13888867,88.889,111.111,8
107.000,107,417445,496728,36803770,81010301,1000,2600,294.430,648.082,0.300,1.000,0.102,16.540,1.690,4497,37482,5649375,47078132,45.195,376.625,9,0.800,1.000,0.010,1.043,0.036,227764,227764,20043302,20043302,160.346,160.346,1,1.000,1.000,0.235,60.640,6.223,185184,231482,11111093,13888867,88.889,111.111,8
108.000,108,417158,496362,36765796,80871963,1000,2600,294.126,646.976,0.300,1.000,0.103,16.299,1.791,4486,37392,5635689,46964082,45.086,375.713,9,0.800,1.000,0.010,1.149,0.031,227488,227488,20019014,20019014,160.152,160.152,1,1.000,1.000,0.158,54.683,6.755,185184,231482,11111093,13888867,88.889,111.111,8
109.000,109,416988,496143,36743139,80789503,1000,2600,293.945,646.316,0.300,1.000,0.099,15.304,0.214,4480,37337,5627534,46896124,45.020,375.169,9,0.800,1.000,0.011,1.099,0.000,227324,227324,20004512,20004512,160.036,160.036,1,1.000,1.000,0.234,48.548,6.612,185184,231482,11111093,13888867,88.889,111.111,8
110.000,110,416934,496074,36736055,80763767,1000,2600,293.888,646.110,0.300,1.000,0.081,16.446,2.599,4478,37320,5624991,46874929,45.000,374.999,9,0.800,1.000,0.011,1.049,0.125,227272,227272,19999971,19999971,160.000,160.000,1,1.000,1.000,0.204,44.618,2.409,185184,231482,11111093,13888867,88.889,111.111,8
111.000,111,416997,496157,36744504,80794420,1000,2600,293.956,646.355,0.300,1.000,0.100,16.594,3.347,4480,37341,5628019,46900161,45.024,375.201,9,0.800,1.000,0.009,1.153,0.060,227333,227334,20005392,20005392,160.043,160.043,1,1.000,1.000,0.198,41.803,2.736,185184,231482,11111093,13888867,88.889,111.111,8
112.000,112,417179,496388,36768566,80882134,1000,2600,294.149,647.057,0.300,1.000,0.101,17.294,0.957,4487,37398,5636699,46972493,45.094,375.780,9,0.800,1.000,0.008,1.222,0.088,227508,227508,20020774,20020774,160.166,160.166,1,1.000,1.000,0.189,52.017,2.744,185184,231482,11111093,13888867,88.889,111.111,8
113.000,113,417476,496769,36807864,81025052,1000,2600,294.463,648.200,0.300,1.000,0.125,15.697,0.751,4498,37492,5650829,47090243,45.207,376.722,9,0.800,1.000,0.011,1.123,0.045,227794,227795,20045942,20045942,160.368,160.368,1,1.000,1.000,0.208,50.938,1.275,185184,231482,11111093,13888867,88.889,111.111,8
114.000,114,417886,497292,36862075,81222556,1000,2600,294.897,649.780,0.300,1.000,0.098,16.887,2.702,4514,37622,5670368,47253075,45.363,378.025,9,0.800,1.000,0.010,0.971,0.047,228188,228188,20080614,20080614,160.645,160.645,1,1.000,1.000,0.199,55.148,0.627,185184,231482,11111093,13888867,88.889,111.111,8
115.000,115,418405,497955,36930636,81472007,1000,2600,295.445,651.776,0.300,1.000,0.103,15.671,0.814,4534,37785,5695035,47458632,45.560,379.669,9,0.800,1.000,0.009,0.800,0.027,228687,228688,20124508,20124508,160.996,160.996,1,1.000,1.000,0.222,69.395,1.639,185184,231482,11111093,13888867,88.889,111.111,8
116.000,116,419026,498749,37012852,81771234,1000,2600,296.103,654.170,0.300,1.000,0.100,14.104,1.182,4557,37982,5724627,47705235,45.797,381.642,9,0.800,1.000,0.012,0.808,0.044,229285,229285,20177132,20177132,161.417,161.417,1,1.000,1.000,0.202,56.675,0.429,185184,231482,11111093,13888867,88.889,111.111,8
117.000,117,419744,499667,37107914,82117351,1000,2600,296.863,656.939,0.300,1.000,0.088,14.031,0.931,4584,38209,5758863,47990526,46.071,383.924,9,0.800,1.000,0.010,0.896,0.007,229976,229976,20237958,20237958,161.904,161.904,1,1.000,1.000,0.203,45.234,11.097,185184,231482,11111093,13888867,88.889,111.111,8
118.000,118,420553,500701,37214892,82506768,1000,2600,297.719,660.054,0.300,1.000,0.111,14.592,0.252,4615,38464,5797377,48311479,46.379,386.492,9,0.800,1.000,0.011,0.907,0.210,230754,230755,20306422,20306422,162.451,162.451,1,1.000,1.000,0.193,48.235,1.149,185184,231482,11111093,13888867,88.889,111.111,8
119.000,119,421444,501839,37332680,82935416,1000,2600,298.661,663.483,0.300,1.000,0.108,15.590,0.708,4649,38745,5839767,48664729,46.718,389.318,9,0.800,1.000,0.010,0.955,0.025,231611,231612,20381820,20381820,163.055,163.055,1,1.000,1.000,0.199,56.264,4.257,185184,231482,11111093,13888867,88.889,111.111,8
120.000,120,422408,503070,37460101,83399158,1000,2600,299.681,667.193,0.300,1.000,0.108,15.568,2.969,4686,39050,5885629,49046912,47.085,392.375,9,0.800,1.000,0.012,1.021,0.036,232538,232538,20463379,20463379,163.707,163.707,1,1.000,1.000,0.206,50.100,0.876,185184,231482,11111093,13888867,88.889,111.111,8
121.000,121,423433,504383,37595940,83893818,1000,2600,300.768,671.151,0.300,1.000,0.091,14.511,1.122,4724,39375,5934559,49454663,47.476,395.637,9,0.800,1.000,0.012,1.063,0.065,233525,233526,20550288,20550288,164.402,164.402,1,1.000,1.000,0.166,43.435,14.926,185184,231482,11111093,13888867,88.889,111.111,8
122.000,122,424513,505762,37738782,84413541,1000,2600,301.910,675.308,0.300,1.000,0.114,15.598,1.609,4765,39715,5985952,49882937,47.888,399.063,9,0.800,1.000,0.010,1.032,0.074,234564,234565,20641737,20641737,165.134,165.134,1,1.000,1.000,0.173,51.303,1.837,185184,231482,11111093,13888867,88.889,111.111,8
123.000,123,425636,507196,37887204,84953942,1000,2600,303.098,679.632,0.300,1.000,0.086,18.252,0.359,4808,40070,6039404,50328368,48.315,402.627,9,0.800,1.000,0.011,1.058,0.018,235644,235644,20736707,20736707,165.894,165.894,1,1.000,1.000,0.215,51.576,1.568,185184,231482,11111093,13888867,88.889,111.111,8
124.000,124,426788,508670,38039754,85509130,1000,2600,304.318,684.073,0.300,1.000,0.106,18.104,3.111,4851,40434,6094309,50785911,48.754,406.287,9,0.800,1.000,0.011,0.948,0.065,236753,236754,20834352,20834352,166.675,166.675,1,1.000,1.000,0.203,62.064,4.609,185184,231482,11111093,13888867,88.889,111.111,8
125.000,125,427961,510169,38194892,86074011,1000,2600,305.559,688.592,0.300,1.000,0.122,16.230,1.379,4896,40805,6150183,51251528,49.201,410.012,9,0.800,1.000,0.011,0.728,0.132,237881,237882,20933616,20933616,167.469,167.469,1,1.000,1.000,0.196,59.332,2.413,185184,231482,11111093,13888867,88.889,111.111,8
126.000,126,429142,511678,38351057,86642288,1000,2600,306.808,693.138,0.300,1.000,0.090,15.268,3.795,4941,41178,6206380,51719837,49.651,413.759,9,0.800,1.000,0.009,0.802,0.142,239017,239018,21033584,21033584,168.269,168.269,1,1.000,1.000,0.200,52.038,2.100,185184,231482,11111093,13888867,88.889,111.111,8
127.000,127,430318,513182,38506708,87208867,1000,2600,308.054,697.671,0.300,1.000,0.094,15.405,0.429,4985,41550,6262415,52186800,50.099,417.494,9,0.800,1.000,0.011,0.897,0.060,240149,240150,21133200,21133200,169.066,169.066,1,1.000,1.000,0.207,56.927,3.034,185184,231482,11111093,13888867,88.889,111.111,8
128.000,128,431479,514665,38660255,87767715,1000,2600,309.282,702.142,0.300,1.000,0.101,15.375,1.651,5029,41916,6317684,52647370,50.541,421.179,9,0.800,1.000,0.011,0.873,0.187,241266,241267,21231478,21231478,169.852,169.852,1,1.000,1.000,0.189,54.675,10.283,185184,231482,11111093,13888867,88.889,111.111,8
129.000,129,432612,516114,38810187,88313475,1000,2600,310.481,706.508,0.300,1.000,0.095,13.915,2.938,5072,42275,6371661,53097175,50.973,424.777,9,0.800,1.000,0.008,1.085,0.101,242356,242357,21327433,21327433,170.619,170.619,1,1.000,1.000,0.184,56.222,5.654,185184,231482,11111093,13888867,88.889,111.111,8
130.000,130,433708,517513,38955028,88840823,1000,2600,311.640,710.727,0.300,1.000,0.084,13.615,1.844,5114,42621,6423820,53531841,51.391,428.255,9,0.800,1.000,0.009,1.256,0.068,243410,243410,21420115,21420115,171.361,171.361,1,1.000,1.000,0.204,52.921,2.368,185184,231482,11111093,13888867,88.889,111.111,8
131.000,131,434754,518849,39093299,89344132,1000,2600,312.746,714.753,0.300,1.000,0.101,13.054,0.745,5154,42951,6473598,53946657,51.789,431.573,9,0.800,1.000,0.008,1.199,0.079,244416,244416,21508608,21508608,172.069,172.069,1,1.000,1.000,0.180,44.604,4.632,185184,231482,11111093,13888867,88.889,111.111,8
132.000,132,435739,520108,39223635,89818486,1000,2600,313.789,718.548,0.300,1.000,0.089,15.071,0.698,5191,43262,6520510,54337587,52.164,434.701,9,0.800,1.000,0.010,1.083,0.197,245364,245364,21592032,21592032,172.736,172.736,1,1.000,1.000,0.208,46.506,2.778,185184,231482,11111093,13888867,88.889,111.111,8
133.000,133,436654,521277,39344711,90259304,1000,2600,314.758,722.074,0.300,1.000,0.105,15.743,0.159,5226,43551,6564111,54700930,52.513,437.607,9,0.800,1.000,0.011,1.176,0.089,246244,246244,21669507,21669507,173.356,173.356,1,1.000,1.000,0.166,54.223,4.593,185184,231482,11111093,13888867,88.889,111.111,8
134.000,134,437489,522346,39455339,90661845,1000,2600,315.643,725.295,0.300,1.000,0.091,15.309,3.967,5257,43815,6603917,55032649,52.831,440.261,9,0.800,1.000,0.012,1.064,0.121,247048,247049,21740329,21740329,173.923,173.923,1,1.000,1.000,0.221,49.244,2.087,185184,231482,11111093,13888867,88.889,111.111,8
135.000,135,438239,523303,39554423,91022643,1000,2600,316.435,728.181,0.300,1.000,0.115,16.205,2.254,5286,44052,6639606,55330052,53.117,442.640,9,0.800,1.000,0.010,0.941,0.073,247769,247769,21803724,21803724,174.430,174.430,1,1.000,1.000,0.209,44.998,1.475,185184,231482,11111093,13888867,88.889,111.111,8
136.000,136,438893,524140,39640954,91337434,1000,2600,317.128,730.699,0.300,1.000,0.092,13.573,0.381,5310,44259,6670732,55589438,53.366,444.716,9,0.800,1.000,0.012,0.901,0.001,248399,248399,21859129,21859129,174.873,174.873,1,1.000,1.000,0.205,44.309,4.879,185184,231482,11111093,13888867,88.889,111.111,8
137.000,137,439445,524846,39714057,91603567,1000,2600,317.712,732.829,0.300,1.000,0.097,12.842,0.702,5331,44433,6697054,55808790,53.576,446.470,9,0.800,1.000,0.009,0.924,0.095,248930,248931,21905910,21905910,175.247,175.247,1,1.000,1.000,0.220,54.756,4.592,185184,231482,11111093,13888867,88.889,111.111,8
138.000,138,439891,525416,39773027,91818262,1000,2600,318.184,734.546,0.300,1.000,0.108,15.102,1.629,5348,44574,6718290,55985751,53.746,447.886,9,0.800,1.000,0.008,0.948,0.041,249359,249360,21943644,21943644,175.549,175.549,1,1.000,1.000,0.233,61.087,6.229,185184,231482,11111093,13888867,88.889,111.111,8
139.000,139,440225,525843,39817274,91979452,1000,2600,318.538,735.836,0.300,1.000,0.088,17.020,0.147,5361,44680,6734236,56118640,53.874,448.949,9,0.800,1.000,0.010,1.011,0.069,249680,249681,21971945,21971945,175.776,175.776,1,1.000,1.000,0.220,47.768,0.275,185184,231482,11111093,13888867,88.889,111.111,8
140.000,140,440445,526124,39846352,92085208,1000,2600,318.771,736.682,0.300,1.000,0.102,17.256,0.462,5369,44750,6744693,56205775,53.958,449.646,9,0.800,1.000,0.010,1.026,0.011,249892,249892,21990566,21990566,175.925,175.925,1,1.000,1.000,0.163,50.835,3.548,185184,231482,11111093,13888867,88.889,111.111,8
141.000,141,440548,526256,39859930,92134610,1000,2600,318.879,737.077,0.300,1.000,0.113,15.554,0.587,5373,44782,6749577,56246483,53.997,449.972,9,0.800,1.000,0.010,1.024,0.058,249991,249992,21999260,21999260,175.994,175.994,1,1.000,1.000,0.174,58.362,6.293,185184,231482,11111093,13888867,88.889,111.111,8
142.000,142,440533,526236,39857937,92127287,1000,2600,318.863,737.018,0.300,1.000,0.084,16.095,0.404,5373,44777,6748851,56240427,53.991,449.923,9,0.800,1.000,0.008,1.100,0.198,249976,249977,21997993,21997993,175.984,175.984,1,1.000,1.000,0.188,53.251,1.085,185184,231482,11111093,13888867,88.889,111.111,8
143.000,143,440400,526066,39840334,92063204,1000,2600,318.723,736.506,0.300,1.000,0.102,15.316,0.515,5368,44735,6742512,56187608,53.940,449.501,9,0.800,1.000,0.010,1.198,0.156,249848,249849,21986729,21986729,175.894,175.894,1,1.000,1.000,0.201,50.430,1.542,185184,231482,11111093,13888867,88.889,111.111,8
144.000,144,440150,525747,39807345,91943174,1000,2600,318.459,735.545,0.300,1.000,0.103,15.131,0.932,5358,44656,6730643,56088698,53.845,448.710,9,0.800,1.000,0.009,1.102,0.162,249608,249609,21965609,21965609,175.725,175.725,1,1.000,1.000,0.210,45.387,12.134,185184,231482,11111093,13888867,88.889,111.111,8
145.000,145,439787,525284,39759301,91768418,1000,2600,318.074,734.147,0.300,1.000,0.108,16.252,0.554,5344,44542,6713364,55944707,53.707,447.558,9,0.800,1.000,0.011,0.758,0.010,249259,249260,21934844,21934844,175.479,175.479,1,1.000,1.000,0.185,50.071,2.165,185184,231482,11111093,13888867,88.889,111.111,8
146.000,146,439314,524678,39696642,91540262,1000,2600,317.573,732.322,0.300,1.000,0.088,15.506,0.566,5326,44392,6690797,55756643,53.526,446.053,9,0.800,1.000,0.010,0.672,0.090,248804,248804,21894752,21894752,175.158,175.158,1,1.000,1.000,0.204,51.705,6.888,185184,231482,11111093,13888867,88.889,111.111,8
147.000,147,438734,523937,39619959,91261076,1000,2600,316.960,730.089,0.300,1.000,0.087,13.960,0.044,5304,44209,6663183,55526526,53.305,444.212,9,0.800,1.000,0.009,0.955,0.133,248246,248246,21845683,21845683,174.765,174.765,1,1.000,1.000,0.185,57.915,2.824,185184,231482,11111093,13888867,88.889,111.111,8
148.000,148,438055,523069,39530139,90934115,1000,2600,316.241,727.473,0.300,1.000,0.105,16.693,1.689,5279,43994,6630845,55257047,53.047,442.056,9,0.800,1.000,0.009,0.864,0.019,247592,247593,21788201,21788201,174.306,174.306,1,1.000,1.000,0.188,64.275,5.107,185184,231482,11111093,13888867,88.889,111.111,8
149.000,149,437284,522082,39428035,90562599,1000,2600,315.424,724.501,0.300,1.000,0.103,16.997,0.077,5250,43750,6594107,54950897,52.753,439.607,9,0.800,1.000,0.009,0.872,0.092,246850,246850,21722835,21722835,173.783,173.783,1,1.000,1.000,0.172,69.071,10.442,185184,231482,11111093,13888867,88.889,111.111,8
150.000,150,436426,520986,39314596,90149550,1000,2600,314.517,721.196,0.300,1.000,0.103,14.960,2.660,5217,43479,6553251,54610431,52.426,436.883,9,0.800,1.000,0.010,0.779,0.013,246025,246025,21650252,21650252,173.202,173.202,1,1.000,1.000,0.182,59.309,7.930,185184,231482,11111093,13888867,88.889,111.111,8
151.000,151,435491,519793,39191013,89699712,1000,2600,313.528,717.598,0.300,1.000,0.103,15.422,1.893,5181,43184,6508762,54239687,52.070,433.917,9,0.800,1.000,0.011,0.759,0.151,245126,245127,21571158,21571158,172.569,172.569,1,1.000,1.000,0.173,53.503,9.400,185184,231482,11111093,13888867,88.889,111.111,8
152.000,152,434491,518513,39058537,89217593,1000,2600,312.468,713.741,0.300,1.000,0.093,15.855,1.359,5144,42868,6461083,53842365,51.689,430.739,9,0.800,1.000,0.009,1.023,0.145,244163,244163,21486361,21486361,171.891,171.891,1,1.000,1.000,0.180,51.112,9.355,185184,231482,11111093,13888867,88.889,111.111,8
153.000,153,433431,517159,38918419,88707403,1000,2600,311.347,709.659,0.300,1.000,0.102,15.290,0.981,5103,42533,6410619,53421829,51.285,427.375,9,0.800,1.000,0.011,1.090,0.001,243144,243144,21396707,21396707,171.174,171.174,1,1.000,1.000,0.221,48.947,1.948,185184,231482,11111093,13888867,88.889,111.111,8
154.000,154,432325,515746,38772143,88175068,1000,2600,310.177,705.401,0.300,1.000,0.103,14.175,0.893,5061,42184,6357975,52983126,50.864,423.865,9,0.800,1.000,0.009,0.858,0.125,242080,242080,21303075,21303075,170.425,170.425,1,1.000,1.000,0.181,50.734,4.341,185184,231482,11111093,13888867,88.889,111.111,8
155.000,155,431183,514287,38621103,87625240,1000,2600,308.969,701.002,0.300,1.000,0.093,13.964,2.062,5018,41823,6303594,52529957,50.429,420.240,9,0.800,1.000,0.009,0.644,0.036,240981,240982,21206416,21206416,169.651,169.651,1,1.000,1.000,0.253,49.241,2.673,185184,231482,11111093,13888867,88.889,111.111,8
156.000,156,430018,512797,38466892,87063949,1000,2600,307.735,696.512,0.300,1.000,0.119,15.170,3.204,4974,41455,6248084,52067367,49.985,416.539,9,0.800,1.000,0.010,0.846,0.089,239860,239860,21107715,21107715,168.862,168.862,1,1.000,1.000,0.210,53.055,13.179,185184,231482,11111093,13888867,88.889,111.111,8
157.000,157,428839,511290,38310983,86496522,1000,2600,306.488,691.972,0.300,1.000,0.105,16.614,4.707,4929,41082,6191967,51599732,49.536,412.798,9,0.800,1.000,0.009,0.966,0.042,238726,238726,21007923,21007923,168.063,168.063,1,1.000,1.000,0.204,56.229,0.017,185184,231482,11111093,13888867,88.889,111.111,8
158.000,158,427659,509784,38154923,85928350,1000,2600,305.239,687.427,0.300,1.000,0.088,15.973,1.584,4884,40710,6135770,51131423,49.086,409.051,9,0.800,1.000,0.009,0.846,0.260,237591,237592,20908060,20908060,167.264,167.264,1,1.000,1.000,0.183,48.876,1.639,185184,231482,11111093,13888867,88.889,111.111,8
159.000,159,426490,508289,38000269,85365433,1000,2600,304.002,682.923,0.300,1.000,0.107,15.081,0.335,4840,40340,6080098,50667488,48.641,405.340,9,0.800,1.000,0.009,0.962,0.020,236466,236467,20809078,20809078,166.473,166.473,1,1.000,1.000,0.214,57.460,4.621,185184,231482,11111093,13888867,88.889,111.111,8
160.000,160,425345,506824,37848641,84813536,1000,2600,302.789,678.508,0.300,1.000,0.090,14.638,0.082,4797,39978,6025516,50212637,48.204,401.701,9,0.800,1.000,0.012,1.029,0.044,235364,235364,20712032,20712032,165.696,165.696,1,1.000,1.000,0.188,59.946,5.069,185184,231482,11111093,13888867,88.889,111.111,8
161.000,161,424232,505403,37701514,84277981,1000,2600,301.612,674.224,0.300,1.000,0.108,12.350,0.428,4755,39627,5972549,49771242,47.780,398.170,9,0.800,1.000,0.010,1.074,0.040,234293,234294,20617872,20617872,164.943,164.943,1,1.000,1.000,0.202,47.682,0.428,185184,231482,11111093,13888867,88.889,111.111,8
162.000,162,423165,504038,37560327,83764059,1000,2600,300.483,670.112,0.300,1.000,0.112,14.543,0.782,4714,39289,5921721,49347679,47.374,394.781,9,0.800,1.000,0.009,0.999,0.124,233267,233267,20527513,20527513,164.220,164.220,1,1.000,1.000,0.251,35.817,4.627,185184,231482,11111093,13888867,88.889,111.111,8
163.000,163,422154,502746,37426558,83277094,1000,2600,299.412,666.217,0.300,1.000,0.092,13.227,0.968,4676,38970,5873558,48946320,46.988,391.571,9,0.800,1.000,0.010,0.936,0.107,232294,232294,20441907,20441907,163.535,163.535,1,1.000,1.000,0.198,44.703,1.277,185184,231482,11111093,13888867,88.889,111.111,8
164.000,164,421208,501537,37301499,82821931,1000,2600,298.412,662.575,0.300,1.000,0.110,13.421,0.833,4640,38671,5828544,48571202,46.628,388.570,9,0.800,1.000,0.010,1.098,0.068,231384,231384,20361862,20361862,162.895,162.895,1,1.000,1.000,0.223,56.521,4.477,185184,231482,11111093,13888867,88.889,111.111,8
165.000,165,420338,500425,37186328,82402710,1000,2600,297.491,659.222,0.300,1.000,0.104,12.994,0.134,4607,38396,5787082,48225690,46.297,385.806,9,0.800,1.000,0.010,1.028,0.119,230547,230547,20288153,20288153,162.305,162.305,1,1.000,1.000,0.186,50.458,2.041,185184,231482,11111093,13888867,88.889,111.111,8
166.000,166,419551,499421,37082341,82024277,1000,2600,296.659,656.194,0.300,1.000,0.108,13.463,0.296,4577,38148,5749658,47913820,45.997,383.311,9,0.800,1.000,0.011,0.953,0.178,229790,229791,20221590,20221590,161.773,161.773,1,1.000,1.000,0.199,42.949,4.979,185184,231482,11111093,13888867,88.889,111.111,8
167.000,167,418857,498533,36990493,81689958,1000,2600,295.924,653.520,0.300,1.000,0.119,15.688,0.227,4551,37928,5716594,47638285,45.733,381.106,9,0.800,1.000,0.011,0.869,0.032,229122,229123,20162806,20162806,161.302,161.302,1,1.000,1.000,0.235,46.654,3.256,185184,231482,11111093,13888867,88.889,111.111,8
168.000,168,418261,497772,36911706,81403043,1000,2600,295.294,651.224,0.300,1.000,0.098,15.042,0.292,4528,37740,5688213,47401776,45.506,379.214,9,0.800,1.000,0.009,0.874,0.050,228549,228550,20112400,20112400,160.899,160.899,1,1.000,1.000,0.187,55.128,4.292,185184,231482,11111093,13888867,88.889,111.111,8
169.000,169,417771,497144,36846758,81166679,1000,2600,294.774,649.333,0.300,1.000,0.092,15.210,1.701,4510,37585,5664837,47206984,45.319,377.656,9,0.800,1.000,0.009,0.869,0.008,228077,228077,20070828,20070828,160.567,160.567,1,1.000,1.000,0.236,54.484,1.173,185184,231482,11111093,13888867,88.889,111.111,8
170.000,170,417389,496657,36796313,80983008,1000,2600,294.371,647.864,0.300,1.000,0.091,15.273,0.890,4495,37464,5646670,47055591,45.173,376.445,9,0.800,1.000,0.010,1.012,0.035,227710,227711,20038550,20038550,160.308,160.308,1,1.000,1.000,0.214,48.926,0.191,185184,231482,11111093,13888867,88.889,111.111,8
171.000,171,417121,496315,36760927,80854364,1000,2600,294.087,646.835,0.300,1.000,0.092,15.584,4.411,4485,37380,5633953,46949616,45.072,375.597,9,0.800,1.000,0.008,1.144,0.049,227452,227453,20015881,20015881,160.127,160.127,1,1.000,1.000,0.189,46.538,7.243,185184,231482,11111093,13888867,88.889,111.111,8
172.000,172,416970,496122,36740888,80781330,1000,2600,293.927,646.251,0.300,1.000,0.099,14.770,0.984,4479,37332,5626727,46889395,45.014,375.115,9,0.800,1.000,0.008,0.839,0.068,227307,227308,20003068,20003068,160.025,160.025,1,1.000,1.000,0.213,45.071,1.498,185184,231482,11111093,13888867,88.889,111.111,8
173.000,173,416936,496078,36736387,80764987,1000,2600,293.891,646.120,0.300,1.000,0.103,13.890,0.292,4478,37321,5625112,46875938,45.001,375.008,9,0.800,1.000,0.011,0.810,0.003,227274,227275,20000182,20000182,160.001,160.001,1,1.000,1.000,0.219,46.913,0.251,185184,231482,11111093,13888867,88.889,111.111,8
174.000,174,417020,496186,36747494,80805404,1000,2600,293.980,646.443,0.300,1.000,0.103,15.485,0.028,4481,37348,5629109,46909245,45.033,375.274,9,0.800,1.000,0.012,1.104,0.109,227355,227356,20007292,20007292,160.058,160.058,1,1.000,1.000,0.212,57.203,13.104,185184,231482,11111093,13888867,88.889,111.111,8
175.000,175,417221,496442,36774099,80902174,1000,2600,294.193,647.217,0.300,1.000,0.108,14.183,0.583,4489,37411,5638677,46988978,45.109,375.912,9,0.800,1.000,0.010,1.007,0.109,227548,227549,20024329,20024329,160.195,160.195,1,1.000,1.000,0.169,53.731,5.560,185184,231482,11111093,13888867,88.889,111.111,8
176.000,176,417538,496846,36815944,81054449,1000,2600,294.528,648.436,0.300,1.000,0.100,12.763,1.686,4501,37511,5653735,47114466,45.230,376.916,9,0.800,1.000,0.011,0.953,0.068,227853,227853,20051116,20051116,160.409,160.409,1,1.000,1.000,0.185,59.701,7.321,185184,231482,11111093,13888867,88.889,111.111,8
177.000,177,417966,497394,36872588,81260601,1000,2600,294.981,650.085,0.300,1.000,0.115,14.464,1.421,4517,37647,5674123,47284362,45.393,378.275,9,0.800,1.000,0.010,1.074,0.115,228265,228265,20087372,20087372,160.699,160.699,1,1.000,1.000,0.195,63.559,4.984,185184,231482,11111093,13888867,88.889,111.111,8
178.000,178,418501,498079,36943516,81518934,1000,2600,295.548,652.151,0.300,1.000,0.097,16.970,1.159,4537,37816,5699678,47497322,45.597,379.979,9,0.800,1.000,0.013,1.042,0.067,228780,228781,20132745,20132745,161.062,161.062,1,1.000,1.000,0.199,58.169,1.403,185184,231482,11111093,13888867,88.889,111.111,8
179.000,179,419141,498896,37027983,81826331,1000,2600,296.224,654.611,0.300,1.000,0.127,16.481,0.611,4562,38018,5730078,47750652,45.841,382.005,9,0.800,1.000,0.011,1.222,0.046,229395,229396,20186812,20186812,161.494,161.494,1,1.000,1.000,0.212,50.214,8.793,185184,231482,11111093,13888867,88.889,111.111,8
180.000,180,419874,499834,37125109,82179843,1000,2600,297.001,657.439,0.300,1.000,0.106,14.782,1.457,4589,38250,5765040,48042000,46.120,384.336,9,0.800,1.000,0.010,1.135,0.173,230101,230102,20248976,20248976,161.992,161.992,1,1.000,1.000,0.204,51.511,1.861,185184,231482,11111093,13888867,88.889,111.111,8
181.000,181,420698,500885,37233969,82576175,1000,2600,297.872,660.609,0.300,1.000,0.091,14.313,2.069,4621,38510,5804240,48368672,46.434,386.949,9,0.800,1.000,0.009,1.055,0.068,230893,230893,20318636,20318636,162.549,162.549,1,1.000,1.000,0.173,48.855,1.946,185184,231482,11111093,13888867,88.889,111.111,8
182.000,182,421601,502040,37353455,83010961,1000,2600,298.828,664.088,0.300,1.000,0.089,15.305,0.940,4655,38795,5847236,48726968,46.778,389.816,9,0.800,1.000,0.008,1.215,0.119,231762,231763,20395126,20395126,163.161,163.161,1,1.000,1.000,0.208,45.178,0.266,185184,231482,11111093,13888867,88.889,111.111,8
183.000,183,422576,503285,37482391,83480363,1000,2600,299.859,667.843,0.300,1.000,0.105,17.516,1.294,4692,39103,5893663,49113861,47.149,392.911,9,0.800,1.000,0.010,1.043,0.098,232700,232700,20477635,20477635,163.821,163.821,1,1.000,1.000,0.212,47.781,6.118,185184,231482,11111093,13888867,88.889,111.111,8
184.000,184,423612,504610,37619518,83979568,1000,2600,300.956,671.837,0.300,1.000,0.098,16.461,1.430,4731,39431,5943037,49525313,47.544,396.203,9,0.800,1.000,0.009,1.077,0.046,233697,233697,20565388,20565388,164.523,164.523,1,1.000,1.000,0.211,45.950,5.482,185184,231482,11111093,13888867,88.889,111.111,8
185.000,185,424700,506000,37763399,84503290,1000,2600,302.107,676.026,0.300,1.000,0.107,16.081,0.770,4772,39774,5994834,49956951,47.959,399.656,9,0.800,1.000,0.009,1.118,0.046,234744,234744,20657472,20657472,165.260,165.260,1,1.000,1.000,0.222,53.839,3.128,185184,231482,11111093,13888867,88.889,111.111,8
186.000,186,425827,507442,37912590,85046237,1000,2600,303.301,680.370,0.300,1.000,0.105,16.504,1.088,4815,40131,6048528,50404401,48.388,403.235,9,0.800,1.000,0.009,1.231,0.078,235828,235829,20752969,20752969,166.024,166.024,1,1.000,1.000,0.217,49.990,6.596,185184,231482,11111093,13888867,88.889,111.111,8
187.000,187,426985,508922,38065734,85603795,1000,2600,304.526,684.830,0.300,1.000,0.099,15.595,0.774,4859,40497,6103675,50863962,48.829,406.912,9,0.800,1.000,0.009,1.241,0.025,236942,236943,20850966,20850966,166.808,166.808,1,1.000,1.000,0.209,50.844,1.015,185184,231482,11111093,13888867,88.889,111.111,8
188.000,188,428160,510421,38221088,86169189,1000,2600,305.769,689.354,0.300,1.000,0.092,14.706,0.962,4904,40867,6159589,51329916,49.277,410.639,9,0.800,1.000,0.012,1.036,0.060,238072,238072,20950406,20950406,167.603,167.603,1,1.000,1.000,0.199,51.584,4.000,185184,231482,11111093,13888867,88.889,111.111,8
189.000,189,429340,511931,38377294,86737802,1000,2600,307.018,693.902,0.300,1.000,0.085,14.632,0.648,4948,41241,6215827,51798561,49.727,414.388,9,0.800,1.000,0.011,0.929,0.142,239208,239208,21050374,21050374,168.403,168.403,1,1.000,1.000,0.167,50.187,0.318,185184,231482,11111093,13888867,88.889,111.111,8
190.000,190,430515,513433,38532689,87303532,1000,2600,308.262,698.428,0.300,1.000,0.096,14.821,1.201,4993,41612,6271782,52264851,50.174,418.119,9,0.800,1.000,0.010,0.998,0.174,240338,240339,21149814,21149814,169.199,169.199,1,1.000,1.000,0.209,52.053,6.187,185184,231482,11111093,13888867,88.889,111.111,8
191.000,191,431673,514911,38685758,87860719,1000,2600,309.486,702.886,0.300,1.000,0.109,15.218,1.131,5037,41977,6326889,52724076,50.615,421.793,9,0.800,1.000,0.011,1.018,0.098,241452,241452,21247776,21247776,169.982,169.982,1,1.000,1.000,0.204,50.067,2.287,185184,231482,11111093,13888867,88.889,111.111,8
192.000,192,432799,516353,38834949,88403666,1000,2600,310.680,707.229,0.300,1.000,0.102,15.879,1.783,5079,42334,6380583,53171526,51.045,425.372,9,0.800,1.000,0.010,1.220,0.009,242536,242537,21343273,21343273,170.746,170.746,1,1.000,1.000,0.205,51.586,0.214,185184,231482,11111093,13888867,88.889,111.111,8
193.000,193,433888,517742,38978793,88927352,1000,2600,311.830,711.419,0.300,1.000,0.088,15.646,1.062,5121,42677,6432379,53603164,51.459,428.825,9,0.800,1.000,0.009,1.082,0.081,243583,243583,21435321,21435321,171.483,171.483,1,1.000,1.000,0.174,43.919,0.290,185184,231482,11111093,13888867,88.889,111.111,8
194.000,194,434923,519067,39115810,89426151,1000,2600,312.926,715.409,0.300,1.000,0.102,15.868,0.527,5160,43005,6481713,54014280,51.854,432.114,9,0.800,1.000,0.012,0.969,0.083,244579,244580,21523004,21523004,172.184,172.184,1,1.000,1.000,0.178,51.944,4.242,185184,231482,11111093,13888867,88.889,111.111,8
195.000,195,435897,520310,39244671,89895181,1000,2600,313.957,719.161,0.300,1.000,0.104,15.228,1.605,5197,43312,6528100,54400836,52.225,435.207,9,0.800,1.000,0.011,0.954,0.052,245516,245516,21605478,21605478,172.844,172.844,1,1.000,1.000,0.221,59.886,11.234,185184,231482,11111093,13888867,88.889,111.111,8
196.000,196,436799,521464,39364045,90329560,1000,2600,314.912,722.636,0.300,1.000,0.091,14.263,0.040,5231,43597,6571055,54758796,52.568,438.070,9,0.800,1.000,0.009,0.807,0.042,246384,246385,21681897,21681897,173.455,173.455,1,1.000,1.000,0.199,46.520,3.034,185184,231482,11111093,13888867,88.889,111.111,8
197.000,197,437622,522515,39472831,90725522,1000,2600,315.783,725.804,0.300,1.000,0.102,13.000,1.323,5262,43857,6610215,55085132,52.882,440.681,9,0.800,1.000,0.010,0.878,0.140,247176,247176,21751523,21751523,174.012,174.012,1,1.000,1.000,0.214,44.961,1.056,185184,231482,11111093,13888867,88.889,111.111,8
198.000,198,438355,523453,39569886,91078962,1000,2600,316.559,728.632,0.300,1.000,0.101,15.439,0.245,5290,44089,6645177,55376479,53.161,443.012,9,0.800,1.000,0.009,1.079,0.065,247881,247882,21813616,21813616,174.509,174.509,1,1.000,1.000,0.201,52.087,6.000,185184,231482,11111093,13888867,88.889,111.111,8
199.000,199,438993,524268,39654206,91385917,1000,2600,317.234,731.087,0.300,1.000,0.089,16.182,1.117,5314,44291,6675536,55629473,53.404,445.036,9,0.800,1.000,0.009,0.927,0.150,248495,248495,21867577,21867577,174.941,174.941,1,1.000,1.000,0.201,52.807,2.460,185184,231482,11111093,13888867,88.889,111.111,8
200.000,200,439527,524952,39724984,91643507,1000,2600,317.800,733.148,0.300,1.000,0.104,15.178,1.013,5334,44460,6701011,55841760,53.608,446.734,9,0.800,1.000,0.011,0.870,0.105,249009,249010,21912880,21912880,175.303,175.303,1,1.000,1.000,0.219,53.441,9.383,185184,231482,11111093,13888867,88.889,111.111,8
201.000,201,439955,525498,39781516,91849252,1000,2600,318.252,734.794,0.300,1.000,0.106,12.759,0.217,5351,44595,6721358,56011320,53.771,448.091,9,0.800,1.000,0.012,1.070,0.100,249420,249421,21949065,21949065,175.593,175.593,1,1.000,1.000,0.190,54.906,3.099,185184,231482,11111093,13888867,88.889,111.111,8
202.000,202,440271,525900,39823251,92001120,1000,2600,318.586,736.009,0.300,1.000,0.111,16.292,1.189,5363,44694,6736376,56136471,53.891,449.092,9,0.800,1.000,0.009,1.193,0.038,249724,249724,21975782,21975782,175.806,175.806,1,1.000,1.000,0.202,57.006,3.177,185184,231482,11111093,13888867,88.889,111.111,8
203.000,203,440470,526156,39849710,92097448,1000,2600,318.798,736.780,0.300,1.000,0.111,16.111,0.462,5370,44757,6745904,56215868,53.967,449.727,9,0.800,1.000,0.011,1.174,0.025,249916,249917,21992713,21992713,175.942,175.942,1,1.000,1.000,0.191,58.747,5.948,185184,231482,11111093,13888867,88.889,111.111,8
204.000,204,440553,526263,39860706,92137458,1000,2600,318.886,737.100,0.300,1.000,0.086,15.858,2.840,5373,44784,6749860,56248838,53.999,449.991,9,0.800,1.000,0.009,1.118,0.200,249996,249997,21999753,21999753,175.998,175.998,1,1.000,1.000,0.191,54.196,3.122,185184,231482,11111093,13888867,88.889,111.111,8
205.000,205,440519,526219,39856094,92120708,1000,2600,318.849,736.966,0.300,1.000,0.091,14.440,0.320,5372,44773,6748205,56235045,53.986,449.880,9,0.800,1.000,0.010,0.892,0.311,249963,249964,21996796,21996796,175.974,175.974,1,1.000,1.000,0.194,50.717,0.923,185184,231482,11111093,13888867,88.889,111.111,8
206.000,206,440366,526022,39835834,92046861,1000,2600,318.687,736.375,0.300,1.000,0.105,14.898,0.002,5366,44724,6740898,56174151,53.927,449.393,9,0.800,1.000,0.009,0.859,0.061,249816,249816,21983843,21983843,175.871,175.871,1,1.000,1.000,0.204,57.353,3.024,185184,231482,11111093,13888867,88.889,111.111,8
207.000,207,440097,525680,39800297,91917474,1000,2600,318.402,735.340,0.300,1.000,0.105,13.732,1.226,5356,44640,6728100,56067503,53.825,448.540,9,0.800,1.000,0.009,1.110,0.018,249557,249558,21961104,21961104,175.689,175.689,1,1.000,1.000,0.190,62.479,11.028,185184,231482,11111093,13888867,88.889,111.111,8
208.000,208,439716,525191,39749781,91733732,1000,2600,317.998,733.870,0.300,1.000,0.105,14.596,0.989,5342,44519,6709933,55916110,53.679,447.329,9,0.800,1.000,0.010,1.011,0.053,249190,249190,21928755,21928755,175.430,175.430,1,1.000,1.000,0.225,51.055,4.485,185184,231482,11111093,13888867,88.889,111.111,8
209.000,209,439223,524562,39684683,91496625,1000,2600,317.477,731.973,0.300,1.000,0.139,16.971,1.406,5323,44363,6686477,55720645,53.492,445.765,9,0.800,1.000,0.009,1.010,0.089,248716,248717,21887113,21887113,175.097,175.097,1,1.000,1.000,0.182,46.102,6.374,185184,231482,11111093,13888867,88.889,111.111,8
210.000,210,438628,523800,39605790,91209604,1000,2600,316.846,729.677,0.300,1.000,0.106,15.624,2.411,5301,44175,6658096,55484136,53.265,443.873,9,0.800,1.000,0.010,1.172,0.032,248143,248143,21836601,21836601,174.693,174.693,1,1.000,1.000,0.196,54.453,3.258,185184,231482,11111093,13888867,88.889,111.111,8
211.000,211,437932,522911,39513831,90874879,1000,2600,316.111,726.999,0.300,1.000,0.111,15.533,1.144,5274,43955,6624991,55208265,53.000,441.666,9,0.800,1.000,0.010,1.138,0.180,247474,247474,21777747,21777747,174.222,174.222,1,1.000,1.000,0.191,47.147,5.688,185184,231482,11111093,13888867,88.889,111.111,8
212.000,212,437144,521906,39409692,90495702,1000,2600,315.278,723.966,0.300,1.000,0.110,16.329,1.154,5244,43707,6587486,54895722,52.700,439.166,9,0.800,1.000,0.010,1.164,0.023,246716,246717,21711113,21711113,173.689,173.689,1,1.000,1.000,0.229,38.418,1.007,185184,231482,11111093,13888867,88.889,111.111,8
213.000,213,436274,520792,39294487,90076446,1000,2600,314.356,720.612,0.300,1.000,0.107,16.003,1.410,5211,43431,6546025,54550210,52.368,436.402,9,0.800,1.000,0.009,1.252,0.050,245879,245879,21637369,21637369,173.099,173.099,1,1.000,1.000,0.204,49.669,0.033,185184,231482,11111093,13888867,88.889,111.111,8
214.000,214,435327,519582,39169317,89620877,1000,2600,313.355,716.967,0.300,1.000,0.097,15.525,1.244,5175,43132,6500970,54174756,52.008,433.398,9,0.800,1.000,0.009,1.046,0.067,244968,244968,21557254,21557254,172.458,172.458,1,1.000,1.000,0.221,48.302,2.994,185184,231482,11111093,13888867,88.889,111.111,8
215.000,215,434316,518290,39035437,89133504,1000,2600,312.283,713.068,0.300,1.000,0.108,16.459,0.291,5137,42813,6452767,53773060,51.622,430.184,9,0.800,1.000,0.011,1.088,0.042,243995,243995,21471577,21471577,171.773,171.773,1,1.000,1.000,0.170,49.050,3.342,185184,231482,11111093,13888867,88.889,111.111,8
216.000,216,433249,516925,38894251,88619583,1000,2600,311.154,708.957,0.300,1.000,0.092,18.007,0.397,5097,42475,6401939,53349497,51.216,426.796,9,0.800,1.000,0.011,1.055,0.084,242968,242968,21381219,21381219,171.050,171.050,1,1.000,1.000,0.205,52.192,3.671,185184,231482,11111093,13888867,88.889,111.111,8
217.000,217,432135,515503,38747012,88083621,1000,2600,309.976,704.669,0.300,1.000,0.098,15.973,3.006,5054,42124,6348931,52907766,50.791,423.262,9,0.800,1.000,0.009,1.096,0.062,241897,241897,21286988,21286988,170.296,170.296,1,1.000,1.000,0.218,53.226,0.410,185184,231482,11111093,13888867,88.889,111.111,8
218.000,218,430989,514039,38595384,87531724,1000,2600,308.763,700.254,0.300,1.000,0.095,15.639,0.953,5011,41762,6294349,52452915,50.355,419.623,9,0.800,1.000,0.010,1.214,0.056,240794,240795,21189942,21189942,169.520,169.520,1,1.000,1.000,0.202,53.767,2.286,185184,231482,11111093,13888867,88.889,111.111,8
219.000,219,429820,512544,38440730,86968807,1000,2600,307.526,695.750,0.300,1.000,0.101,16.783,1.859,4967,41392,6238677,51988980,49.909,415.912,9,0.800,1.000,0.011,1.144,0.110,239669,239670,21090960,21090960,168.728,168.728,1,1.000,1.000,0.221,49.832,7.279,185184,231482,11111093,13888867,88.889,111.111,8
220.000,220,428641,511036,38284670,86400635,1000,2600,306.277,691.205,0.300,1.000,0.123,17.222,0.090,4922,41019,6182480,51520671,49.460,412.165,9,0.800,1.000,0.008,1.128,0.044,238535,238535,20991097,20991097,167.929,167.929,1,1.000,1.000,0.190,51.689,3.523,185184,231482,11111093,13888867,88.889,111.111,8
221.000,221,427461,509530,38128762,85833207,1000,2600,305.030,686.666,0.300,1.000,0.081,17.122,0.416,4877,40647,6126364,51053035,49.011,408.424,9,0.800,1.000,0.011,1.136,0.078,237400,237401,20891305,20891305,167.130,167.130,1,1.000,1.000,0.228,50.947,3.945,185184,231482,11111093,13888867,88.889,111.111,8
222.000,222,426296,508041,37974550,85271917,1000,2600,303.796,682.175,0.300,1.000,0.107,15.784,2.041,4833,40279,6070853,50590446,48.567,404.724,9,0.800,1.000,0.009,0.966,0.046,236279,236280,20792604,20792604,166.341,166.341,1,1.000,1.000,0.246,55.145,0.419,185184,231482,11111093,13888867,88.889,111.111,8
223.000,223,425155,506581,37823546,84722124,1000,2600,302.588,677.777,0.300,1.000,0.084,14.537,1.963,4790,39918,6016473,50137277,48.132,401.098,9,0.800,1.000,0.011,0.843,0.167,235181,235181,20695980,20695980,165.568,165.568,1,1.000,1.000,0.193,53.299,7.052,185184,231482,11111093,13888867,88.889,111.111,8
224.000,224,424049,505169,37677305,84189825,1000,2600,301.418,673.519,0.300,1.000,0.095,16.044,4.529,4748,39569,5963828,49698574,47.711,397.589,9,0.800,1.000,0.009,0.762,0.001,234117,234118,20602384,20602384,164.819,164.819,1,1.000,1.000,0.191,47.790,2.049,185184,231482,11111093,13888867,88.889,111.111,8
225.000,225,422990,503816,37537302,83680342,1000,2600,300.298,669.443,0.300,1.000,0.111,14.399,0.276,4707,39234,5913445,49278711,47.308,394.230,9,0.800,1.000,0.008,0.804,0.067,233099,233100,20512764,20512764,164.102,164.102,1,1.000,1.000,0.229,53.573,4.305,185184,231482,11111093,13888867,88.889,111.111,8
226.000,226,421990,502536,37404897,83198294,1000,2600,299.239,665.586,0.300,1.000,0.101,14.603,2.701,4670,38918,5865766,48881389,46.926,391.051,9,0.800,1.000,0.008,1.124,0.109,232136,232136,20428038,20428038,163.424,163.424,1,1.000,1.000,0.232,50.572,7.017,185184,231482,11111093,13888867,88.889,111.111,8
227.000,227,421056,501343,37281389,82748827,1000,2600,298.251,661.991,0.300,1.000,0.089,14.190,1.858,4634,38623,5821317,48510981,46.571,388.088,9,0.800,1.000,0.010,0.941,0.039,231238,231238,20348979,20348979,162.792,162.792,1,1.000,1.000,0.190,54.511,3.490,185184,231482,11111093,13888867,88.889,111.111,8
228.000,228,420200,500248,37168062,82336186,1000,2600,297.344,658.689,0.300,1.000,0.093,14.753,0.314,4602,38352,5780502,48170852,46.244,385.367,9,0.800,1.000,0.010,0.918,0.070,230414,230414,20276467,20276467,162.212,162.212,1,1.000,1.000,0.192,57.496,2.215,185184,231482,11111093,13888867,88.889,111.111,8
229.000,229,419428,499263,37066028,81964740,1000,2600,296.528,655.718,0.300,1.000,0.107,15.497,0.737,4572,38109,5743764,47864702,45.950,382.918,9,0.800,1.000,0.009,0.970,0.085,229672,229672,20211171,20211171,161.689,161.689,1,1.000,1.000,0.194,61.317,2.397,185184,231482,11111093,13888867,88.889,111.111,8
230.000,230,418750,498396,36976283,81638150,1000,2600,295.810,653.105,0.300,1.000,0.093,15.686,1.211,4547,37894,5711466,47595559,45.692,380.764,9,0.800,1.000,0.011,1.058,0.029,229019,229020,20153724,20153724,161.230,161.230,1,1.000,1.000,0.173,51.637,1.483,185184,231482,11111093,13888867,88.889,111.111,8
231.000,231,418172,497657,36899787,81359743,1000,2600,295.198,650.878,0.300,1.000,0.102,16.280,1.460,4525,37712,5683933,47366115,45.471,378.929,9,0.800,1.000,0.008,1.145,0.007,228463,228463,20104761,20104761,160.838,160.838,1,1.000,1.000,0.182,47.418,2.316,185184,231482,11111093,13888867,88.889,111.111,8
232.000,232,417699,497052,36837238,81131993,1000,2600,294.698,649.056,0.300,1.000,0.100,17.287,0.715,4507,37562,5661406,47178387,45.291,377.427,9,0.800,1.000,0.010,1.113,0.152,228008,228008,20064739,20064739,160.518,160.518,1,1.000,1.000,0.180,48.578,0.986,185184,231482,11111093,13888867,88.889,111.111,8
233.000,233,417337,496590,36789340,80957679,1000,2600,294.315,647.661,0.300,1.000,0.093,16.092,0.758,4493,37448,5644167,47034732,45.153,376.278,9,0.800,1.000,0.009,0.958,0.036,227660,227660,20034080,20034080,160.273,160.273,1,1.000,1.000,0.185,49.742,1.557,185184,231482,11111093,13888867,88.889,111.111,8
234.000,234,417088,496271,36756461,80838056,1000,2600,294.052,646.704,0.300,1.000,0.121,15.274,1.590,4484,37369,5632338,46936159,45.059,375.489,9,0.800,1.000,0.009,0.968,0.089,227420,227420,20013030,20013030,160.104,160.104,1,1.000,1.000,0.199,50.961,8.500,185184,231482,11111093,13888867,88.889,111.111,8
235.000,235,416956,496103,36739006,80774415,1000,2600,293.912,646.195,0.300,1.000,0.106,16.535,4.139,4479,37327,5626041,46883676,45.008,375.069,9,0.800,1.000,0.010,1.017,0.058,227293,227294,20001872,20001872,160.015,160.015,1,1.000,1.000,0.205,39.795,5.358,185184,231482,11111093,13888867,88.889,111.111,8
236.000,236,416942,496085,36737163,80767835,1000,2600,293.897,646.143,0.300,1.000,0.080,16.322,0.589,4478,37323,5625395,46878293,45.003,375.026,9,0.800,1.000,0.009,1.046,0.050,227280,227280,20000675,20000675,160.005,160.005,1,1.000,1.000,0.231,38.310,0.953,185184,231482,11111093,13888867,88.889,111.111,8
237.000,237,417046,496218,36750888,80817679,1000,2600,294.007,646.541,0.300,1.000,0.102,14.242,0.763,4482,37356,5630320,46919337,45.043,375.355,9,0.800,1.000,0.010,1.203,0.005,227380,227380,20009475,20009475,160.076,160.076,1,1.000,1.000,0.180,43.386,4.707,185184,231482,11111093,13888867,88.889,111.111,8
238.000,238,417267,496499,36780075,80923842,1000,2600,294.241,647.391,0.300,1.000,0.093,15.506,0.038,4491,37425,5640816,47006809,45.127,376.054,9,0.800,1.000,0.011,1.153,0.001,227592,227592,20028166,20028166,160.225,160.225,1,1.000,1.000,0.220,56.987,5.163,185184,231482,11111093,13888867,88.889,111.111,8
239.000,239,417602,496929,36824433,81085439,1000,2600,294.595,648.684,0.300,1.000,0.109,15.961,2.654,4503,37532,5656803,47140035,45.254,377.120,9,0.800,1.000,0.009,1.134,0.066,227915,227915,20056537,20056537,160.452,160.452,1,1.000,1.000,0.196,61.955,1.990,185184,231482,11111093,13888867,88.889,111.111,8
240.000,240,418048,497500,36883549,81300576,1000,2600,295.068,650.405,0.300,1.000,0.092,15.474,1.042,4520,37673,5678079,47317332,45.425,378.539,9,0.800,1.000,0.011,1.156,0.070,228344,228345,20094377,20094377,160.755,160.755,1,1.000,1.000,0.199,52.457,9.047,185184,231482,11111093,13888867,88.889,111.111,8
241.000,241,418602,498207,36956763,81567115,1000,2600,295.654,652.537,0.300,1.000,0.099,16.472,0.614,4541,37848,5704442,47537020,45.636,380.296,9,0.800,1.000,0.009,1.175,0.042,228877,228877,20141228,20141228,161.130,161.130,1,1.000,1.000,0.213,48.918,1.090,185184,231482,11111093,13888867,88.889,111.111,8
242.000,242,419258,499045,37043446,81882651,1000,2600,296.348,655.061,0.300,1.000,0.105,15.420,0.786,4566,38055,5735649,47797080,45.885,382.377,9,0.800,1.000,0.011,1.017,0.049,229508,229508,20196704,20196704,161.574,161.574,1,1.000,1.000,0.178,52.406,4.238,185184,231482,11111093,13888867,88.889,111.111,8
243.000,243,420006,500003,37142599,82243518,1000,2600,297.141,657.948,0.300,1.000,0.109,15.021,0.229,4594,38292,5771337,48094482,46.171,384.756,9,0.800,1.000,0.011,0.868,0.053,230228,230229,20260169,20260169,162.081,162.081,1,1.000,1.000,0.208,55.257,3.260,185184,231482,11111093,13888867,88.889,111.111,8
244.000,244,420844,501072,37253344,82646768,1000,2600,298.027,661.174,0.300,1.000,0.088,14.849,1.234,4626,38556,5811224,48426874,46.490,387.415,9,0.800,1.000,0.008,0.970,0.215,231034,231034,20331027,20331027,162.648,162.648,1,1.000,1.000,0.203,47.236,5.448,185184,231482,11111093,13888867,88.889,111.111,8
245.000,245,421761,502243,37374526,83087692,1000,2600,298.996,664.702,0.300,1.000,0.097,14.511,1.682,4661,38845,5854825,48790217,46.839,390.322,9,0.800,1.000,0.009,0.917,0.110,231916,231916,20408608,20408608,163.269,163.269,1,1.000,1.000,0.210,51.526,3.924,185184,231482,11111093,13888867,88.889,111.111,8
246.000,246,422746,503503,37504937,83562417,1000,2600,300.039,668.499,0.300,1.000,0.095,13.115,0.000,4698,39157,5901777,49181483,47.214,393.452,9,0.800,1.000,0.011,0.934,0.048,232864,232864,20492067,20492067,163.937,163.937,1,1.000,1.000,0.206,57.330,1.853,185184,231482,11111093,13888867,88.889,111.111,8
247.000,247,423792,504839,37643284,84066098,1000,2600,301.146,672.529,0.300,1.000,0.093,13.471,0.014,4738,39487,5951596,49596636,47.613,396.773,9,0.800,1.000,0.010,1.099,0.086,233870,233870,20580595,20580595,164.645,164.645,1,1.000,1.000,0.249,55.336,7.028,185184,231482,11111093,13888867,88.889,111.111,8
248.000,248,424887,506240,37788161,84593481,1000,2600,302.305,676.748,0.300,1.000,0.118,15.999,0.492,4779,39834,6003756,50031302,48.030,400.250,9,0.800,1.000,0.010,1.173,0.069,234924,234924,20673312,20673312,165.386,165.386,1,1.000,1.000,0.187,54.142,0.078,185184,231482,11111093,13888867,88.889,111.111,8
249.000,249,426020,507689,37938127,85139276,1000,2600,303.505,681.114,0.300,1.000,0.104,14.225,0.233,4822,40192,6057732,50481107,48.462,403.849,9,0.800,1.000,0.009,1.064,0.039,236014,236015,20769302,20769302,166.154,166.154,1,1.000,1.000,0.189,50.979,4.511,185184,231482,11111093,13888867,88.889,111.111,8
250.000,250,427182,509173,38091750,85698497,1000,2600,304.734,685.588,0.300,1.000,0.087,12.610,1.238,4866,40559,6113041,50942014,48.904,407.536,9,0.800,1.000,0.010,1.106,0.106,237132,237132,20867616,20867616,166.941,166.941,1,1.000,1.000,0.188,37.138,4.539,185184,231482,11111093,13888867,88.889,111.111,8
251.000,251,428359,510676,38247361,86264739,1000,2600,305.979,690.118,0.300,1.000,0.109,11.764,1.301,4911,40930,6169036,51408640,49.352,411.269,9,0.800,1.000,0.010,1.226,0.062,238264,238264,20967232,20967232,167.738,167.738,1,1.000,1.000,0.189,47.353,7.596,185184,231482,11111093,13888867,88.889,111.111,8
252.000,252,429539,512185,38403531,86833316,1000,2600,307.228,694.667,0.300,1.000,0.121,12.843,0.987,4956,41303,6225274,51877285,49.802,415.018,9,0.800,1.000,0.011,1.201,0.068,239399,239400,21067164,21067164,168.537,168.537,1,1.000,1.000,0.187,43.770,2.554,185184,231482,11111093,13888867,88.889,111.111,8
253.000,253,430711,513684,38558628,87397861,1000,2600,308.469,699.183,0.300,1.000,0.110,13.814,0.456,5000,41674,6281107,52342566,50.249,418.741,9,0.800,1.000,0.010,1.344,0.137,240527,240528,21166428,21166428,169.331,169.331,1,1.000,1.000,0.224,38.730,5.153,185184,231482,11111093,13888867,88.889,111.111,8
254.000,254,431864,515156,38711143,87953014,1000,2600,309.689,703.624,0.300,1.000,0.085,16.845,2.019,5044,42038,6336012,52800109,50.688,422.401,9,0.800,1.000,0.010,1.101,0.121,241636,241636,21264038,21264038,170.112,170.112,1,1.000,1.000,0.228,52.153,3.289,185184,231482,11111093,13888867,88.889,111.111,8
255.000,255,432987,516590,38859525,88493079,1000,2600,310.876,707.945,0.300,1.000,0.095,16.593,1.229,5087,42392,6389424,53245204,51.115,425.962,9,0.800,1.000,0.010,0.841,0.026,242716,242716,21359008,21359008,170.872,170.872,1,1.000,1.000,0.189,58.989,4.273,185184,231482,11111093,13888867,88.889,111.111,8
256.000,256,434065,517970,39002337,89013068,1000,2600,312.019,712.105,0.300,1.000,0.113,15.479,0.714,5127,42734,6440857,53673814,51.527,429.391,9,0.800,1.000,0.010,1.035,0.037,243754,243754,21450387,21450387,171.603,171.603,1,1.000,1.000,0.183,53.828,5.460,185184,231482,11111093,13888867,88.889,111.111,8
257.000,257,435091,519281,39138060,89507019,1000,2600,313.104,716.056,0.300,1.000,0.093,17.820,1.312,5166,43058,6489707,54080892,51.918,432.647,9,0.800,1.000,0.010,1.127,0.014,244741,244741,21537260,21537260,172.298,172.298,1,1.000,1.000,0.209,58.667,4.451,185184,231482,11111093,13888867,88.889,111.111,8
258.000,258,436055,520512,39265446,89970726,1000,2600,314.124,719.766,0.300,1.000,0.104,16.949,0.394,5203,43362,6535569,54463075,52.285,435.705,9,0.800,1.000,0.010,1.197,0.178,245668,245668,21618784,21618784,172.950,172.950,1,1.000,1.000,0.189,64.209,0.859,185184,231482,11111093,13888867,88.889,111.111,8
259.000,259,436945,521649,39383123,90398968,1000,2600,315.065,723.192,0.300,1.000,0.108,14.003,0.290,5237,43643,6577918,54815989,52.623,438.528,9,0.800,1.000,0.010,1.127,0.041,246524,246524,21694112,21694112,173.553,173.553,1,1.000,1.000,0.213,64.394,2.766,185184,231482,11111093,13888867,88.889,111.111,8
260.000,260,437751,522681,39489990,90787977,1000,2600,315.920,726.304,0.300,1.000,0.091,12.787,1.276,5267,43898,6616392,55136605,52.931,441.093,9,0.800,1.000,0.010,0.961,0.103,247300,247301,21762505,21762505,174.100,174.100,1,1.000,1.000,0.204,63.954,5.878,185184,231482,11111093,13888867,88.889,111.111,8
261.000,261,438471,523599,39584976,91133723,1000,2600,316.680,729.070,0.300,1.000,0.099,16.194,0.206,5295,44125,6650587,55421560,53.205,443.372,9,0.800,1.000,0.012,0.839,0.135,247992,247992,21823296,21823296,174.586,174.586,1,1.000,1.000,0.170,57.884,4.475,185184,231482,11111093,13888867,88.889,111.111,8
262.000,262,439090,524391,39667046,91432507,1000,2600,317.336,731.460,0.300,1.000,0.068,13.591,0.586,5318,44321,6680139,55667826,53.441,445.343,9,0.800,1.000,0.011,0.892,0.152,248588,248588,21875814,21875814,175.007,175.007,1,1.000,1.000,0.231,48.733,2.986,185184,231482,11111093,13888867,88.889,111.111,8
263.000,263,439608,525054,39735536,91681889,1000,2600,317.884,733.455,0.300,1.000,0.090,12.879,0.155,5338,44485,6704805,55873384,53.638,446.987,9,0.800,1.000,0.010,0.866,0.111,249086,249087,21919638,21919638,175.357,175.357,1,1.000,1.000,0.236,40.047,4.742,185184,231482,11111093,13888867,88.889,111.111,8
264.000,264,440017,525576,39789598,91878649,1000,2600,318.317,735.029,0.300,1.000,0.097,16.545,0.398,5353,44614,6724265,56035542,53.794,448.284,9,0.800,1.000,0.011,0.920,0.063,249480,249480,21954240,21954240,175.634,175.634,1,1.000,1.000,0.188,43.633,2.316,185184,231482,11111093,13888867,88.889,111.111,8
265.000,265,440312,525953,39828749,92021125,1000,2600,318.630,736.169,0.300,1.000,0.088,18.890,0.874,5364,44707,6738354,56152956,53.907,449.224,9,0.800,1.000,0.010,1.114,0.153,249764,249764,21979302,21979302,175.834,175.834,1,1.000,1.000,0.192,48.790,6.836,185184,231482,11111093,13888867,88.889,111.111,8
266.000,266,440493,526185,39852625,92108061,1000,2600,318.821,736.864,0.300,1.000,0.116,17.863,3.658,5371,44765,6746953,56224615,53.976,449.797,9,0.800,1.000,0.008,1.240,0.054,249938,249938,21994579,21994579,175.957,175.957,1,1.000,1.000,0.206,60.987,4.241,185184,231482,11111093,13888867,88.889,111.111,8
267.000,267,440556,526266,39861003,92138643,1000,2600,318.888,737.109,0.300,1.000,0.086,16.468,0.201,5373,44785,6749981,56249847,54.000,449.999,9,0.800,1.000,0.009,1.066,0.171,249999,249999,21999929,21999929,175.999,175.999,1,1.000,1.000,0.207,53.533,6.163,185184,231482,11111093,13888867,88.889,111.111,8
268.000,268,440502,526196,39853768,92112165,1000,2600,318.830,736.897,0.300,1.000,0.096,16.281,2.134,5372,44767,6747357,56227980,53.979,449.824,9,0.800,1.000,0.008,0.890,0.112,249946,249947,21995318,21995318,175.963,175.963,1,1.000,1.000,0.213,51.490,2.761,185184,231482,11111093,13888867,88.889,111.111,8
269.000,269,440329,525975,39830964,92029262,1000,2600,318.648,736.234,0.300,1.000,0.101,16.566,1.389,5365,44713,6739161,56159685,53.913,449.277,9,0.800,1.000,0.010,1.053,0.124,249780,249780,21980710,21980710,175.846,175.846,1,1.000,1.000,0.240,53.643,3.128,185184,231482,11111093,13888867,88.889,111.111,8
270.000,270,440041,525608,39792844,91890482,1000,2600,318.343,735.124,0.300,1.000,0.114,16.365,1.448,5354,44622,6725435,56045299,53.803,448.362,9,0.800,1.000,0.010,1.137,0.016,249503,249504,21956316,21956316,175.651,175.651,1,1.000,1.000,0.196,54.755,3.484,185184,231482,11111093,13888867,88.889,111.111,8
271.000,271,439640,525095,39739817,91697419,1000,2600,317.919,733.579,0.300,1.000,0.086,15.683,1.854,5339,44495,6706340,55886168,53.651,447.089,9,0.800,1.000,0.012,0.969,0.055,249117,249118,21922384,21922384,175.379,175.379,1,1.000,1.000,0.184,59.012,2.910,185184,231482,11111093,13888867,88.889,111.111,8
272.000,272,439130,524444,39672398,91452070,1000,2600,317.379,731.617,0.300,1.000,0.112,15.212,0.133,5319,44334,6682077,55683975,53.457,445.472,9,0.800,1.000,0.010,0.960,0.016,248627,248628,21879228,21879228,175.034,175.034,1,1.000,1.000,0.172,50.043,1.302,185184,231482,11111093,13888867,88.889,111.111,8
273.000,273,438516,523659,39591214,91156540,1000,2600,316.730,729.252,0.300,1.000,0.100,14.665,0.296,5296,44140,6652848,55440400,53.223,443.523,9,0.800,1.000,0.010,0.965,0.050,248036,248037,21827273,21827273,174.618,174.618,1,1.000,1.000,0.185,48.437,2.694,185184,231482,11111093,13888867,88.889,111.111,8
274.000,274,437805,522750,39497150,90814085,1000,2600,315.977,726.513,0.300,1.000,0.090,13.958,0.926,5269,43915,6618976,55158137,52.952,441.265,9,0.800,1.000,0.011,0.932,0.112,247352,247353,21767081,21767081,174.137,174.137,1,1.000,1.000,0.199,43.294,5.043,185184,231482,11111093,13888867,88.889,111.111,8
275.000,275,437004,521725,39391058,90427922,1000,2600,315.128,723.423,0.300,1.000,0.105,13.684,0.474,5239,43662,6580785,54839875,52.646,438.719,9,0.800,1.000,0.008,1.042,0.145,246581,246581,21699180,21699180,173.593,173.593,1,1.000,1.000,0.236,39.371,9.813,185184,231482,11111093,13888867,88.889,111.111,8
276.000,276,436120,520596,39274115,90002192,1000,2600,314.193,720.018,0.300,1.000,0.102,12.817,0.924,5205,43383,6538677,54488980,52.309,435.912,9,0.800,1.000,0.010,1.028,0.036,245731,245731,21624345,21624345,172.995,172.995,1,1.000,1.000,0.190,43.615,1.748,185184,231482,11111093,13888867,88.889,111.111,8
277.000,277,435161,519371,39147359,89540892,1000,2600,313.179,716.327,0.300,1.000,0.094,13.809,1.806,5169,43080,6493057,54108816,51.944,432.871,9,0.800,1.000,0.011,1.010,0.133,244808,244809,21543209,21543209,172.346,172.346,1,1.000,1.000,0.204,47.696,7.824,185184,231482,11111093,13888867,88.889,111.111,8
278.000,278,434139,518065,39012150,89048638,1000,2600,312.097,712.389,0.300,1.000,0.101,13.333,0.209,5130,42757,6444369,53703083,51.555,429.625,9,0.800,1.000,0.009,0.893,0.041,243825,243826,21456688,21456688,171.654,171.654,1,1.000,1.000,0.200,45.965,0.477,185184,231482,11111093,13888867,88.889,111.111,8
279.000,279,433063,516690,38869821,88530612,1000,2600,310.959,708.245,0.300,1.000,0.096,13.352,0.675,5089,42417,6393138,53276155,51.145,426.209,9,0.800,1.000,0.011,0.941,0.026,242790,242791,21365590,21365590,170.925,170.925,1,1.000,1.000,0.224,42.174,1.317,185184,231482,11111093,13888867,88.889,111.111,8
280.000,280,431945,515259,38721808,87991804,1000,2600,309.774,703.934,0.300,1.000,0.101,15.331,0.001,5047,42063,6339848,52832070,50.719,422.657,9,0.800,1.000,0.010,1.054,0.096,241714,241714,21270867,21270867,170.167,170.167,1,1.000,1.000,0.251,40.011,3.396,185184,231482,11111093,13888867,88.889,111.111,8
281.000,281,430793,513789,38569514,87437465,1000,2600,308.556,699.500,0.300,1.000,0.107,17.110,0.902,5003,41700,6285023,52375200,50.280,419.002,9,0.800,1.000,0.010,1.053,0.096,240606,240607,21173398,21173398,169.387,169.387,1,1.000,1.000,0.189,43.679,1.510,185184,231482,11111093,13888867,88.889,111.111,8
282.000,282,429622,512292,38414527,86873326,1000,2600,307.316,694.987,0.300,1.000,0.116,16.031,2.166,4959,41330,6229230,51910255,49.834,415.282,9,0.800,1.000,0.011,1.176,0.034,239479,239480,21074204,21074204,168.594,168.594,1,1.000,1.000,0.190,42.326,1.647,185184,231482,11111093,13888867,88.889,111.111,8
283.000,283,428442,510783,38258398,86305086,1000,2600,306.067,690.441,0.300,1.000,0.088,13.087,3.444,4914,40957,6173033,51441947,49.384,411.536,9,0.800,1.000,0.012,1.030,0.005,238344,238344,20974272,20974272,167.794,167.794,1,1.000,1.000,0.221,51.716,3.659,185184,231482,11111093,13888867,88.889,111.111,8
284.000,284,427264,509279,38102670,85738134,1000,2600,304.821,685.905,0.300,1.000,0.121,13.561,0.826,4869,40585,6116957,50974647,48.936,407.797,9,0.800,1.000,0.010,1.048,0.003,237211,237212,20874620,20874620,166.997,166.997,1,1.000,1.000,0.214,49.100,1.675,185184,231482,11111093,13888867,88.889,111.111,8
285.000,285,426102,507792,37948902,85178472,1000,2600,303.591,681.428,0.300,1.000,0.080,15.340,1.831,4826,40217,6061608,50513404,48.493,404.107,9,0.800,1.000,0.010,1.064,0.076,236092,236093,20776201,20776201,166.210,166.210,1,1.000,1.000,0.237,40.801,1.581,185184,231482,11111093,13888867,88.889,111.111,8
286.000,286,424966,506340,37798603,84631457,1000,2600,302.389,677.052,0.300,1.000,0.098,14.107,0.762,4782,39858,6007510,50062590,48.060,400.501,9,0.800,1.000,0.010,0.797,0.023,235000,235000,20680000,20680000,165.440,165.440,1,1.000,1.000,0.212,43.725,2.346,185184,231482,11111093,13888867,88.889,111.111,8
287.000,287,423868,504937,37653318,84102481,1000,2600,301.227,672.820,0.300,1.000,0.106,14.557,0.222,4741,39511,5955189,49626578,47.642,397.013,9,0.800,1.000,0.009,0.671,0.092,233943,233944,20587036,20587036,164.696,164.696,1,1.000,1.000,0.193,45.507,7.678,185184,231482,11111093,13888867,88.889,111.111,8
288.000,288,422818,503595,37514458,83597103,1000,2600,300.116,668.777,0.300,1.000,0.103,15.183,0.680,4701,39180,5905209,49210080,47.242,393.681,9,0.800,1.000,0.011,0.797,0.089,232933,232933,20498156,20498156,163.985,163.985,1,1.000,1.000,0.212,53.092,3.784,185184,231482,11111093,13888867,88.889,111.111,8
289.000,289,421827,502329,37383458,83120308,1000,2600,299.068,664.962,0.300,1.000,0.094,14.100,2.179,4663,38867,5858055,48817131,46.864,390.537,9,0.800,1.000,0.009,1.068,0.104,231980,231980,20414310,20414310,163.314,163.314,1,1.000,1.000,0.222,54.931,3.062,185184,231482,11111093,13888867,88.889,111.111,8
290.000,290,420907,501152,37261571,82676607,1000,2600,298.093,661.413,0.300,1.000,0.098,14.206,0.490,4629,38576,5814171,48451433,46.513,387.611,9,0.800,1.000,0.010,1.087,0.185,231094,231094,20336307,20336307,162.690,162.690,1,1.000,1.000,0.216,41.660,5.083,185184,231482,11111093,13888867,88.889,111.111,8
291.000,291,420063,500076,37150091,82270846,1000,2600,297.201,658.167,0.300,1.000,0.095,13.201,0.451,4596,38310,5774042,48117023,46.192,384.936,9,0.800,1.000,0.010,1.262,0.093,230283,230284,20264956,20264956,162.120,162.120,1,1.000,1.000,0.210,46.620,1.220,185184,231482,11111093,13888867,88.889,111.111,8
292.000,292,419308,499108,37050052,81906724,1000,2600,296.400,655.254,0.300,1.000,0.094,13.873,0.933,4568,38070,5738031,47816929,45.904,382.535,9,0.800,1.000,0.010,1.042,0.150,229556,229556,20200928,20200928,161.607,161.607,1,1.000,1.000,0.221,50.612,0.197,185184,231482,11111093,13888867,88.889,111.111,8
293.000,293,418646,498262,36962483,81587934,1000,2600,295.700,652.703,0.300,1.000,0.108,14.506,1.708,4543,37861,5706501,47554178,45.652,380.433,9,0.800,1.000,0.010,1.061,0.065,228919,228919,20144889,20144889,161.159,161.159,1,1.000,1.000,0.223,54.134,0.672,185184,231482,11111093,13888867,88.889,111.111,8
294.000,294,418084,497546,36888272,81317733,1000,2600,295.106,650.542,0.300,1.000,0.104,13.393,1.559,4521,37684,5679775,47331462,45.438,378.652,9,0.800,1.000,0.011,1.273,0.008,228379,228380,20097404,20097404,160.779,160.779,1,1.000,1.000,0.228,51.118,1.669,185184,231482,11111093,13888867,88.889,111.111,8
295.000,295,417630,496964,36828160,81098935,1000,2600,294.625,648.791,0.300,1.000,0.093,14.884,0.114,4504,37540,5658136,47151137,45.265,377.209,9,0.800,1.000,0.009,1.385,0.145,227942,227942,20058931,20058931,160.471,160.471,1,1.000,1.000,0.213,45.276,7.157,185184,231482,11111093,13888867,88.889,111.111,8
296.000,296,417287,496526,36782734,80933606,1000,2600,294.262,647.469,0.300,1.000,0.109,15.374,1.006,4491,37432,5641785,47014883,45.134,376.119,9,0.800,1.000,0.010,1.376,0.092,227612,227612,20029856,20029856,160.239,160.239,1,1.000,1.000,0.197,44.990,5.409,185184,231482,11111093,13888867,88.889,111.111,8
297.000,297,417057,496234,36752438,80823374,1000,2600,294.020,646.587,0.300,1.000,0.103,15.745,1.608,4482,37360,5630885,46924047,45.047,375.392,9,0.800,1.000,0.009,1.268,0.100,227391,227392,20010460,20010460,160.084,160.084,1,1.000,1.000,0.203,46.738,6.561,185184,231482,11111093,13888867,88.889,111.111,8
298.000,298,416945,496090,36737605,80769462,1000,2600,293.901,646.156,0.300,1.000,0.108,16.035,2.331,4478,37324,5625556,46879639,45.004,375.037,9,0.800,1.000,0.010,1.195,0.021,227283,227284,20000956,20000956,160.008,160.008,1,1.000,1.000,0.224,54.907,3.110,185184,231482,11111093,13888867,88.889,111.111,8
299.000,299,416951,496097,36738340,80771973,1000,2600,293.907,646.176,0.300,1.000,0.106,13.727,1.227,4479,37326,5625798,46881657,45.006,375.053,9,0.800,1.000,0.010,0.912,0.007,227288,227289,20001449,20001449,160.012,160.012,1,1.000,1.000,0.184,42.280,6.645,185184,231482,11111093,13888867,88.889,111.111,8
